duration,year,hour
300.0,2005,18
21600.0,2000,21
600.0,2006,21
15.0,2014,20
300.0,2011,21
4.0,1972,1
7200.0,2006,21
900.0,2013,20
10.0,1998,10
10.0,2013,22
10.0,2004,12
1800.0,2003,8
60.0,2010,18
300.0,2013,16
30.0,2012,18
900.0,2014,22
900.0,1997,12
2700.0,2008,11
2700.0,2008,11
2700.0,2006,14
1800.0,2006,14
3.0,1986,2
180.0,1949,21
900.0,2009,20
90.0,1999,13
300.0,2012,21
60.0,2006,14
900.0,2001,22
2.0,2013,8
10.0,2012,21
2.0,2013,18
300.0,2014,22
60.0,2014,3
420.0,2012,21
1200.0,2009,23
60.0,2010,0
90.0,2012,0
5400.0,2012,19
28800.0,2000,23
600.0,2014,19
300.0,2013,22
300.0,2010,20
300.0,2012,9
300.0,2005,23
300.0,2012,19
3.0,2006,17
180.0,2013,23
180.0,1987,6
180.0,2013,18
180.0,2014,0
1200.0,2012,23
20.0,2003,23
2.0,2006,23
2.0,2011,21
15.0,2003,0
900.0,1995,22
900.0,2004,20
780.0,2005,21
900.0,2012,19
600.0,2003,21
60.0,2012,20
3600.0,2012,21
300.0,2012,1
30.0,2003,7
7200.0,2005,1
4.0,2014,0
180.0,2013,21
120.0,2005,0
900.0,1998,20
300.0,2003,0
300.0,2012,19
120.0,2012,19
20.0,2004,8
180.0,2008,15
5.0,2007,20
1800.0,2012,6
120.0,2012,20
900.0,2010,1
600.0,2002,8
300.0,2013,18
30.0,2013,2
600.0,2012,20
60.0,2002,20
600.0,2013,1
2400.0,1998,23
37800.0,1998,23
30.0,2012,22
120.0,2013,18
90.0,2009,17
600.0,2012,22
900.0,2009,1
120.0,2002,23
120.0,1996,14
780.0,2014,11
180.0,1998,3
240.0,2014,1
60.0,2014,11
120.0,1973,22
1200.0,2014,22
120.0,1995,19
18000.0,1974,9
600.0,2001,0
15.0,2003,0
900.0,1966,18
120.0,2013,1
600.0,2012,1
60.0,2000,23
120.0,2012,23
1200.0,2008,0
10.0,2001,23
360.0,2013,20
900.0,1998,12
180.0,1936,17
1500.0,2005,5
30.0,1969,23
180.0,1993,11
300.0,2011,20
5400.0,2003,1
600.0,2001,5
600.0,2013,20
120.0,2013,20
180.0,2013,20
60.0,2013,21
300.0,2003,18
300.0,2013,22
120.0,1949,11
300.0,2002,0
240.0,2006,21
180.0,2013,21
120.0,2013,21
300.0,1998,20
240.0,1969,19
420.0,2013,21
600.0,2012,21
600.0,2013,1
4.0,2009,22
1200.0,2004,21
120.0,2013,23
15.0,2005,20
900.0,2012,19
600.0,2009,23
180.0,2012,19
2700.0,2005,20
2700.0,2005,21
1800.0,2001,2
604800.0,2009,18
30.0,2000,18
3.0,1998,22
10800.0,2004,3
120.0,2012,16
120.0,1999,21
10.0,2006,12
3600.0,2011,2
2.0,2008,15
1800.0,2004,20
14.0,2013,23
1200.0,2011,8
120.0,2008,16
120.0,2012,21
1140.0,1954,2
120.0,1986,14
1500.0,1980,23
3600.0,1989,22
12600.0,2005,0
1800.0,2012,18
3600.0,2009,22
5.0,2007,3
300.0,2012,19
1200.0,2012,22
1800.0,2012,1
1800.0,2012,1
5.0,2000,0
40.0,2009,23
300.0,2011,0
7200.0,1985,1
15.0,2005,18
60.0,2010,16
7200.0,1997,21
600.0,2011,17
900.0,1968,2
900.0,1968,2
900.0,1982,14
10.0,2009,2
60.0,1998,23
1800.0,2009,16
600.0,1997,23
40.0,2000,8
30.0,2003,23
5.0,1987,21
300.0,1969,17
7200.0,2014,11
900.0,2004,0
60.0,2014,11
7.0,1999,23
120.0,2014,21
4.0,2004,20
7200.0,2012,22
960.0,2013,17
20.0,2012,16
180.0,1978,14
600.0,2008,20
180.0,1998,18
300.0,2013,14
60.0,2014,0
180.0,2013,1
10.0,2002,5
1.0,2001,23
1200.0,1999,22
900.0,1962,19
7200.0,2001,22
600.0,2014,22
8.0,1999,0
900.0,2005,19
600.0,2014,23
7200.0,2011,21
45.0,1999,1
5.0,2013,21
3.0,2013,22
10800.0,2007,22
15.0,2012,23
60.0,2013,5
30.0,2002,0
20.0,2006,23
2.0,2006,1
90.0,1998,20
3600.0,2000,16
1200.0,1999,20
600.0,1998,22
480.0,2011,4
1200.0,2011,20
600.0,2000,22
10.0,1997,15
4800.0,1988,0
2700.0,1975,18
180.0,2008,0
900.0,2013,4
60.0,2013,21
1200.0,2013,21
1200.0,2013,19
120.0,1999,22
300.0,2014,23
1200.0,2001,22
60.0,2013,21
40.0,2012,21
600.0,2010,0
480.0,2001,22
20.0,2000,10
120.0,2012,6
15.0,2011,22
5.0,1985,2
300.0,2011,21
30.0,1996,22
180.0,1999,21
180.0,1999,21
43200.0,2001,1
120.0,1990,20
600.0,2012,22
1.0,2013,18
7200.0,1976,22
1200.0,1984,23
420.0,1990,9
1800.0,1987,1
900.0,1986,23
1020.0,1969,10
300.0,2009,21
90.0,2002,21
22.0,2014,19
3600.0,2014,11
300.0,2011,4
300.0,2013,23
300.0,2013,20
180.0,1988,7
120.0,2013,18
10.0,2013,21
30.0,1999,22
10.0,2005,22
600.0,1995,2
60.0,2006,12
300.0,2012,19
1800.0,2011,20
1800.0,2011,20
120.0,2010,21
2.0,2011,9
300.0,2013,23
180.0,1997,3
240.0,2005,1
900.0,2009,19
900.0,2014,2
60.0,2014,22
2.0,2007,22
300.0,2012,23
420.0,2010,0
660.0,2010,12
1500.0,2001,8
600.0,2001,20
1200.0,2003,14
180.0,2012,20
120.0,2008,20
300.0,2008,1
5.0,2012,19
1800.0,2010,17
60.0,2000,19
180.0,2013,20
900.0,1999,17
10.0,2013,17
5.0,2008,1
300.0,2011,22
180.0,2012,4
7200.0,2007,21
1200.0,2008,2
600.0,2010,16
7200.0,2009,3
2700.0,1999,22
2700.0,1998,9
900.0,2011,19
300.0,2003,22
180.0,2010,20
8.0,2011,7
15.0,2011,8
120.0,2003,19
10.0,1998,17
1800.0,2012,17
300.0,2013,21
10.0,2008,2
120.0,2006,21
120.0,2007,18
15.0,2003,22
600.0,1999,20
1200.0,2006,22
30.0,2012,15
12.0,2008,12
5.0,2003,20
60.0,2009,9
5.0,2007,21
600.0,2007,21
3600.0,2005,19
300.0,1985,17
120.0,2011,3
420.0,2012,22
90.0,2008,19
4.0,2009,23
600.0,2001,0
1800.0,2014,20
60.0,2002,21
1200.0,2010,17
73800.0,1987,1
1800.0,2000,22
5.0,2007,6
15.0,2004,2
360.0,2008,7
60.0,2006,17
45.0,2004,0
15.0,2011,21
10.0,2006,17
1800.0,2012,21
20.0,2007,21
420.0,2003,0
300.0,1976,18
180.0,1975,17
180.0,2007,23
60.0,2007,20
180.0,2012,5
30.0,2006,17
15.0,2006,1
60.0,2013,20
4.0,1999,19
40.0,2014,18
60.0,2014,19
3600.0,2012,20
12.0,2006,17
600.0,2014,20
2400.0,2003,22
2400.0,2009,18
15.0,2006,5
900.0,2012,3
300.0,2013,20
2.0,2007,0
900.0,2009,17
300.0,1967,18
540.0,2012,23
3600.0,1978,23
60.0,2003,19
5.0,1999,4
45.0,2006,17
180.0,2012,5
120.0,2006,11
600.0,1999,0
7200.0,2006,16
240.0,2010,0
180.0,1980,21
120.0,2005,23
120.0,2009,1
20.0,2008,23
420.0,2007,21
240.0,2008,0
30.0,2012,6
3.0,1951,19
60.0,2013,1
300.0,2003,0
600.0,2014,20
300.0,2006,8
120.0,2008,5
20.0,1956,0
120.0,2010,10
15.0,2006,17
600.0,2014,20
2700.0,2013,23
30.0,1973,15
120.0,2013,19
240.0,2014,3
240.0,1978,19
240.0,2012,6
900.0,2012,15
300.0,2004,20
8.0,2013,18
600.0,2011,21
1800.0,2008,0
1200.0,1971,19
300.0,2003,19
30.0,2008,19
120.0,2012,23
900.0,2010,22
300.0,2004,19
300.0,1973,18
360.0,1972,8
900.0,1975,23
600.0,1987,22
90.0,1985,19
3.0,1994,14
1200.0,1967,18
300.0,2000,18
300.0,2003,16
180.0,2013,21
600.0,2003,22
180.0,2005,16
3600.0,2000,19
300.0,2003,22
300.0,2003,22
300.0,2003,22
600.0,2010,15
540.0,2005,14
900.0,2006,20
30.0,2005,13
45.0,2010,19
120.0,2000,21
23.0,2013,21
30.0,1995,22
1800.0,2008,23
3600.0,2013,0
10.0,2014,22
600.0,2014,20
2400.0,2012,20
3600.0,2009,5
600.0,1998,7
900.0,1973,21
2.0,2014,18
180.0,1967,20
120.0,1998,20
10.0,2013,19
300.0,2008,18
240.0,2009,21
120.0,2014,19
1200.0,2009,23
60.0,2007,18
30.0,2004,20
900.0,2003,20
600.0,2011,6
600.0,2008,17
15.0,2009,18
3600.0,2004,1
3600.0,2011,10
600.0,2008,21
30.0,2007,9
3600.0,2003,20
5.0,2002,21
0.5,2008,6
120.0,2013,20
600.0,2007,8
3.0,2002,18
240.0,2003,23
10.0,2005,5
120.0,1975,22
900.0,1998,21
420.0,2012,0
25.0,2011,20
600.0,2010,23
60.0,1997,14
7200.0,2014,20
10.0,2013,17
30.0,1997,14
5.0,2008,21
600.0,2013,21
60.0,1964,18
5.0,2012,22
180.0,2006,21
1200.0,2010,22
60.0,2013,21
10.0,2008,23
4.0,2003,9
30.0,2010,18
300.0,2013,22
240.0,2012,19
1800.0,2013,21
20.0,2001,4
120.0,2004,15
1800.0,2006,23
300.0,2013,20
600.0,2007,22
600.0,2007,21
5.0,2000,21
1200.0,2011,22
1800.0,2005,12
240.0,2000,21
15.0,2010,13
120.0,2009,8
120.0,1971,21
900.0,2001,21
180.0,1999,19
300.0,2014,21
720.0,2004,21
600.0,2014,20
30.0,1976,22
4.0,2010,22
60.0,1968,19
900.0,2010,4
45.0,1965,14
600.0,1978,15
6.0,1968,12
30.0,2008,8
90.0,2012,9
7200.0,2007,18
300.0,1999,14
1200.0,2008,1
14400.0,2013,19
5.0,2004,22
600.0,1999,21
30.0,2012,18
120.0,2012,15
180.0,2012,9
30.0,2014,20
5.0,2007,21
3600.0,2012,3
900.0,2010,22
20.0,2012,21
5.0,2005,7
300.0,2006,21
2040.0,2007,22
300.0,2013,21
3600.0,2008,4
3600.0,1997,14
1800.0,2007,20
180.0,1998,21
300.0,2013,21
1800.0,2005,21
900.0,2007,21
20.0,2013,21
300.0,2013,11
300.0,2004,19
600.0,2013,22
900.0,2001,20
300.0,2002,23
120.0,1997,18
10.0,1980,3
2.0,2013,20
7200.0,2005,18
480.0,2011,20
720.0,2008,22
300.0,2011,20
300.0,2013,11
180.0,2011,20
600.0,2004,23
10.0,2005,20
10.0,2004,21
120.0,2012,14
4.0,2013,20
180.0,2011,21
300.0,2013,21
1080.0,2003,5
900.0,2014,20
3600.0,2005,22
300.0,2002,22
2.0,2014,18
7200.0,2005,20
900.0,2004,20
300.0,2005,0
1800.0,2005,20
2.0,2006,18
20.0,2004,21
10.0,2001,20
12.0,2013,17
120.0,2005,23
600.0,2003,14
600.0,2014,0
9.0,2003,15
8.0,2000,21
3.0,2012,19
720.0,2013,21
1200.0,2013,19
3.0,2012,22
480.0,2012,19
300.0,2002,21
240.0,2006,9
120.0,2011,17
900.0,2005,17
20.0,2001,21
120.0,2007,21
120.0,2014,22
120.0,2003,18
600.0,1968,9
1800.0,2005,21
240.0,2013,23
900.0,1999,15
300.0,2005,19
240.0,2000,11
4500.0,2011,22
10.0,2005,18
1800.0,2014,14
1.0,2000,1
480.0,2014,13
900.0,2003,22
300.0,2013,22
2.0,2006,22
90.0,1999,23
30.0,1999,20
600.0,1998,23
2.0,2007,20
120.0,2013,19
120.0,2014,21
120.0,2013,22
7200.0,2007,4
15.0,2006,17
15.0,2004,22
900.0,1998,21
600.0,2012,5
180.0,2013,9
2700.0,1988,21
240.0,2009,9
7200.0,2010,20
15.0,2010,8
600.0,2014,20
30.0,1999,22
2.0,2005,3
60.0,2006,21
5.0,2012,20
30.0,2013,21
30.0,2013,14
1200.0,2004,14
240.0,1961,12
420.0,2007,19
5.0,2011,22
120.0,2014,2
15.0,2005,4
600.0,1998,22
45.0,2006,5
120.0,1972,20
3600.0,1988,2
30.0,2012,19
600.0,2011,20
5.0,2001,18
300.0,2002,15
30.0,2007,23
180.0,2013,20
15.0,2002,2
45.0,2007,20
120.0,2011,21
600.0,2009,11
120.0,2003,17
15.0,2012,21
120.0,2003,23
240.0,2013,10
300.0,2000,9
1800.0,2008,21
10.0,1985,20
960.0,2006,19
6.0,2004,23
120.0,1992,20
2.0,2008,22
10.0,2011,19
120.0,2008,15
180.0,1968,21
900.0,2000,2
540.0,2007,21
300.0,2013,21
20.0,2001,23
300.0,2013,21
300.0,2007,21
3600.0,1973,20
10.0,2013,18
10.0,2013,18
300.0,2001,20
3600.0,2006,21
5.0,2002,22
180.0,2012,20
10800.0,2007,22
180.0,2012,13
7200.0,2007,21
3600.0,2011,21
300.0,2009,17
120.0,2010,21
720.0,2007,20
60.0,2014,19
5.0,2006,18
60.0,1949,16
60.0,2002,16
180.0,2011,21
15.0,2002,0
3600.0,2009,23
600.0,2013,3
600.0,2010,20
10.0,1966,22
7200.0,2005,20
10.0,2011,22
2.0,2007,6
300.0,2002,20
15.0,2003,19
5.0,2007,23
2.0,2007,23
5.0,2005,0
300.0,2011,23
60.0,1998,5
1800.0,2005,19
20.0,1999,18
60.0,2013,18
120.0,2013,23
60.0,2014,17
2700.0,2013,18
600.0,1997,20
300.0,1979,18
300.0,1984,17
60.0,2003,11
300.0,2011,22
30.0,2002,17
60.0,2003,23
60.0,2000,12
15.0,1972,15
120.0,2011,22
30.0,2014,0
120.0,2009,20
600.0,2005,1
300.0,2012,20
30.0,1980,16
7200.0,2006,3
2.0,1984,18
600.0,2012,16
300.0,2004,5
180.0,1999,0
900.0,1973,23
300.0,1994,17
10.0,2005,0
1200.0,1999,13
300.0,2000,23
30.0,2005,2
10800.0,1994,21
120.0,1994,22
600.0,1994,22
60.0,2010,22
240.0,2008,6
5400.0,2006,4
7200.0,2003,0
40.0,1995,1
180.0,2006,22
2700.0,2003,2
240.0,2012,20
109800.0,2003,4
900.0,2012,11
600.0,2013,20
1800.0,2005,21
120.0,2014,17
720.0,2014,15
20.0,1980,20
120.0,2014,14
600.0,2013,16
300.0,1993,21
60.0,1967,22
300.0,2013,5
10.0,2009,7
45.0,1999,21
5.0,2012,16
10.0,1974,20
120.0,2012,21
2.0,2013,23
7200.0,2006,19
5.0,1994,22
5.0,2012,15
900.0,2003,20
240.0,2011,21
30.0,2004,22
120.0,2014,21
300.0,2007,21
900.0,2004,19
3600.0,2005,12
1800.0,2004,12
300.0,2010,23
60.0,2003,16
120.0,2012,21
15.0,2000,21
30.0,2009,18
300.0,2007,8
600.0,2013,11
300.0,2008,11
180.0,1966,20
300.0,2013,18
1200.0,2009,20
2700.0,2008,2
3360.0,2009,22
2.0,2009,21
600.0,2004,20
10.0,1986,14
120.0,2006,17
10.0,2008,7
600.0,2013,23
10.0,2007,2
120.0,2013,23
120.0,2009,23
1.0,2013,22
20.0,2012,21
3600.0,2004,19
300.0,2014,14
3600.0,1993,21
180.0,2008,22
120.0,2010,21
60.0,2009,15
120.0,2006,12
1800.0,2008,22
360.0,2008,21
7200.0,2012,19
172800.0,2011,5
600.0,2009,21
4800.0,2007,17
180.0,1998,21
60.0,2000,20
120.0,1970,21
300.0,2009,23
20.0,1995,17
360.0,2007,21
120.0,2012,20
120.0,2012,20
3600.0,2009,1
1200.0,2007,6
300.0,1994,12
60.0,2002,22
8700.0,2008,1
300.0,2013,20
10.0,2008,5
300.0,1971,19
600.0,1949,22
120.0,2014,21
300.0,2014,22
3600.0,2012,8
1800.0,2011,19
1500.0,2014,8
3.0,1999,4
1500.0,2014,8
600.0,2006,20
5.0,1999,11
60.0,1993,22
300.0,2014,0
240.0,2012,21
2.0,2008,22
10.0,2005,22
900.0,1999,17
60.0,2011,17
900.0,2003,23
60.0,1996,17
120.0,2013,18
60.0,2013,20
10.0,2000,21
1800.0,2009,5
600.0,2004,1
1500.0,2008,4
180.0,2008,3
2.0,2014,23
30.0,2009,20
1200.0,1975,2
15.0,2002,20
7200.0,1972,20
8.0,2008,19
20.0,2007,21
300.0,1974,22
120.0,2013,19
60.0,1992,17
120.0,2000,5
15.0,2009,19
300.0,1939,20
180.0,2013,22
180.0,2013,22
1800.0,1995,19
120.0,2008,21
7.0,1999,4
1200.0,1994,23
10.0,2001,21
60.0,2014,0
120.0,1992,2
1800.0,2007,18
180.0,1996,21
900.0,2009,18
300.0,2013,19
25.0,2005,23
45.0,2010,19
4.0,2009,21
1200.0,2010,4
60.0,2008,11
30.0,2003,5
120.0,2012,22
180.0,2001,23
60.0,2003,0
3.0,2005,23
300.0,1989,20
15.0,2011,19
600.0,1980,1
180.0,2008,20
180.0,2010,20
480.0,1989,19
120.0,2008,23
240.0,2004,20
240.0,2004,23
600.0,2004,6
20.0,2013,19
180.0,2000,23
30.0,2013,21
7200.0,2002,20
180.0,2012,10
900.0,2014,21
300.0,2010,0
60.0,2010,0
2.0,2009,19
2700.0,2011,21
120.0,2011,21
300.0,2001,9
1800.0,2005,21
10800.0,1973,0
14400.0,1970,17
3.0,2001,21
10.0,2009,2
45.0,2011,22
1800.0,2010,0
300.0,2012,20
180.0,2002,22
15.0,2007,19
120.0,2002,20
240.0,2013,22
60.0,2010,3
3600.0,2005,2
5.0,2003,23
2.0,2013,22
30.0,2002,17
600.0,2013,21
120.0,2011,21
180.0,2013,22
300.0,2013,21
180.0,2011,22
900.0,2012,19
420.0,2007,21
180.0,2003,0
2.0,2010,0
15.0,2007,21
1200.0,2001,19
10.0,2009,19
10.0,1982,19
10.0,1982,19
7200.0,1968,16
30.0,2002,10
7200.0,2000,23
1200.0,2010,21
10.0,2003,18
2100.0,1967,23
180.0,1987,16
2.0,2002,0
300.0,2005,12
420.0,2004,11
2.0,2013,22
2.0,2013,3
60.0,2001,9
1.0,2013,1
120.0,2004,22
120.0,2007,22
120.0,2012,0
600.0,2005,19
1800.0,2005,19
1800.0,2005,19
1800.0,2005,19
120.0,2013,20
10.0,1987,18
4.0,2000,20
300.0,2013,22
120.0,2011,12
120.0,2012,21
300.0,2007,21
120.0,1999,20
90.0,2003,22
3600.0,1965,20
3600.0,2003,1
4.0,2011,22
1.0,2011,21
120.0,2011,21
300.0,2011,23
120.0,1999,1
900.0,1999,23
600.0,2008,0
60.0,2012,21
300.0,2013,22
180.0,2012,21
600.0,2008,21
120.0,2012,21
45.0,2009,22
30.0,2011,3
1800.0,2010,23
1200.0,2010,21
10.0,1955,22
7200.0,2003,23
120.0,2003,20
1800.0,1999,19
1500.0,2002,22
1200.0,2000,21
18000.0,2003,20
120.0,2009,16
300.0,2003,7
60.0,2008,17
10800.0,2009,21
3.0,1997,0
9.0,2003,1
10.0,2006,23
5.0,2004,21
300.0,2012,0
600.0,1965,19
420.0,2012,22
180.0,2012,17
300.0,2003,18
5.0,2000,20
300.0,2011,20
15.0,2003,22
900.0,1999,21
300.0,2012,21
5280.0,1996,19
180.0,2002,18
10.0,2013,21
10.0,2005,20
600.0,2006,16
60.0,2009,22
600.0,2007,21
2.0,2000,20
2.0,2006,6
600.0,2012,17
120.0,2011,22
3.0,2014,20
1500.0,2013,20
300.0,2013,19
300.0,2007,19
300.0,2009,22
240.0,1999,20
15.0,2009,20
5.0,2001,5
180.0,1981,19
3.0,2008,20
7200.0,2005,0
45.0,2013,0
600.0,2009,20
300.0,2011,21
7200.0,2006,19
7.0,2000,1
25.0,2008,21
600.0,2013,0
15.0,2001,22
120.0,1971,17
1560.0,2004,22
120.0,2004,9
60.0,2003,18
1200.0,2006,22
120.0,2012,19
1800.0,2005,22
60.0,2011,14
180.0,2011,22
900.0,2003,21
2700.0,2007,17
20.0,2003,21
3.0,2008,0
3600.0,2010,3
2100.0,2000,17
30.0,2005,4
30.0,2003,0
1800.0,2011,0
60.0,2012,22
3600.0,2003,2
300.0,2003,23
30.0,2000,21
1200.0,2013,4
120.0,2004,21
1800.0,2005,9
900.0,2001,21
1500.0,2004,22
10.0,2011,20
5400.0,2001,21
300.0,1999,20
4.0,2012,21
45.0,2006,20
7200.0,2013,23
7200.0,2009,14
60.0,2007,22
420.0,2006,3
180.0,2013,21
360.0,2011,21
1200.0,1973,19
120.0,2000,22
2.0,1998,18
2.0,2005,5
7200.0,2011,21
300.0,2009,22
1800.0,2009,23
300.0,2013,20
3600.0,2000,20
66276000.0,1991,18
5.0,2012,1
10.0,2008,22
2700.0,2009,0
2.0,2000,18
2700.0,2013,22
1200.0,2001,21
1500.0,2002,20
15.0,2004,21
60.0,2012,11
30.0,1973,3
8.0,2012,3
180.0,1985,21
1920.0,2005,0
60.0,2008,21
180.0,2000,17
60.0,2008,21
600.0,2012,0
300.0,2000,21
1800.0,1988,19
300.0,2002,21
180.0,2013,22
30.0,2007,2
600.0,2012,17
5.0,2012,22
2.0,2003,21
120.0,2008,6
60.0,1991,21
35.0,2007,5
60.0,2000,16
300.0,1988,4
900.0,2014,19
600.0,2010,19
2700.0,1995,1
600.0,2007,23
1200.0,1956,16
120.0,2003,2
180.0,2013,1
7200.0,2008,22
21600.0,2000,16
20.0,2000,22
45.0,2003,17
900.0,1997,0
1.0,2013,16
180.0,2001,19
120.0,1999,10
120.0,2001,21
120.0,1999,0
0.2,2003,14
2700.0,2008,22
300.0,2003,23
5.0,1999,5
600.0,2010,1
3600.0,2008,21
1800.0,2003,20
5.0,2003,20
1800.0,2010,20
300.0,1977,0
2700.0,2005,23
300.0,2008,21
30.0,2004,22
30.0,2003,2
60.0,2001,21
120.0,1966,15
30.0,1986,12
180.0,2005,0
300.0,2009,4
900.0,2013,19
120.0,2013,21
240.0,1979,23
180.0,2007,13
120.0,1999,15
7.0,2006,21
240.0,2009,21
180.0,1996,18
600.0,2012,21
180.0,2006,4
60.0,2002,21
600.0,2013,8
15.0,2007,21
15.0,2002,21
180.0,2013,5
15.0,2012,17
60.0,2001,17
120.0,1975,1
5.0,2010,21
300.0,2007,19
30.0,2006,18
120.0,1967,19
15.0,1998,19
600.0,1985,9
10.0,2002,23
60.0,2003,11
180.0,1968,10
720.0,1969,16
60.0,1969,15
3.0,2013,23
60.0,2000,21
60.0,2006,19
5.0,2002,22
180.0,2000,23
120.0,2006,21
600.0,1996,23
60.0,1999,21
15.0,2003,2
600.0,2000,20
6.0,2006,16
120.0,2007,14
60.0,2011,20
60.0,2000,22
300.0,1999,11
300.0,1991,18
300.0,2012,19
300.0,2004,0
300.0,1999,0
120.0,2008,23
10.0,2003,9
600.0,1999,23
6.0,2001,13
240.0,1999,13
15.0,1980,2
3600.0,2004,20
15.0,2007,21
900.0,2010,2
60.0,2005,22
30.0,2003,2
300.0,2007,19
15.0,1977,22
2100.0,2002,21
600.0,1989,1
60.0,2011,17
60.0,2003,3
30.0,2006,20
600.0,2011,4
300.0,2005,19
1800.0,2010,23
600.0,2005,20
180.0,2008,17
90.0,2008,22
1200.0,2013,21
1300.0,2013,21
15.0,1999,18
10.0,1994,15
120.0,2012,0
2.0,2004,21
30.0,2012,3
60.0,2004,20
1200.0,2003,2
120.0,2007,16
900.0,2013,21
10.0,1999,23
3600.0,2001,20
120.0,2000,22
7200.0,2001,19
2700.0,2006,9
3600.0,2008,23
600.0,2013,21
420.0,2008,22
60.0,2013,23
40.0,2013,21
240.0,2000,18
900.0,2012,23
60.0,2009,19
3600.0,2007,21
300.0,2012,18
1800.0,2011,23
360.0,2012,22
30.0,2007,4
360.0,2010,21
120.0,1993,0
60.0,2002,23
2700.0,2003,21
2.0,1980,21
30.0,2006,20
120.0,2001,17
300.0,2003,20
15.0,1968,21
120.0,2002,16
180.0,1998,22
7200.0,2004,4
300.0,2011,0
180.0,2014,21
300.0,2005,18
240.0,1996,22
180.0,1998,1
45.0,2010,19
60.0,2011,23
480.0,2002,23
600.0,2000,21
2.0,1994,19
2.0,2013,5
300.0,2010,5
6.0,2004,22
600.0,2010,21
180.0,1990,7
240.0,2005,5
180.0,2012,10
2700.0,2002,23
40.0,2008,23
7.0,2003,23
5.0,1994,22
15.0,2014,13
120.0,2001,22
3600.0,2002,1
2.0,2002,18
300.0,2013,3
180.0,1986,20
10.0,2007,20
3600.0,2006,1
1800.0,2012,21
300.0,2001,22
300.0,2004,12
300.0,1994,1
600.0,2004,6
30.0,2000,20
20.0,1952,17
5.0,2006,4
7200.0,1991,13
360.0,2010,1
180.0,1993,13
120.0,2012,22
120.0,2008,0
300.0,2013,23
30.0,2014,21
120.0,2011,0
6300.0,2007,20
120.0,2012,22
1.0,2005,3
1200.0,2011,19
15.0,2010,3
172800.0,2007,23
5.0,2002,20
600.0,2003,19
4.0,2005,1
120.0,2013,21
180.0,2012,21
8.0,2004,23
4200.0,2004,11
20.0,2012,1
120.0,2012,8
10800.0,2008,23
780.0,2010,19
1200.0,1977,1
1200.0,2010,22
600.0,2004,20
3600.0,1997,3
5.0,2009,20
600.0,1957,18
60.0,2009,21
180.0,2011,23
60.0,2003,18
300.0,2000,0
10.0,2006,0
60.0,2012,0
10800.0,2002,0
480.0,2010,22
300.0,2010,21
120.0,2011,21
3600.0,2010,21
600.0,2004,0
240.0,2005,2
30.0,2006,23
600.0,2003,18
1800.0,1998,23
900.0,2005,7
30.0,1998,19
5.0,2001,22
180.0,2005,2
7200.0,2011,1
120.0,2012,22
300.0,1996,23
600.0,2012,20
300.0,2012,14
2.0,2010,22
15.0,2004,22
300.0,2008,19
10.0,2013,22
5.0,2010,9
105.0,2010,21
30.0,2008,14
10800.0,2001,22
120.0,2013,22
2.0,2012,22
600.0,2012,23
1200.0,1962,21
60.0,2011,22
120.0,2013,16
60.0,2011,0
30.0,2013,1
3600.0,2012,15
480.0,2002,23
120.0,1999,20
60.0,1999,16
5.0,2006,4
180.0,2012,22
1800.0,2007,22
2700.0,2001,18
60.0,1981,3
120.0,1968,21
30.0,2006,20
300.0,2012,21
300.0,2008,21
120.0,2004,21
5.0,1999,21
3600.0,2012,22
300.0,2003,22
300.0,1996,12
300.0,2011,1
30.0,2011,5
300.0,2013,21
300.0,2008,20
60.0,2011,12
600.0,2010,20
60.0,2010,15
180.0,2009,15
240.0,2006,18
360.0,1999,17
2.0,2012,20
180.0,1985,12
240.0,2006,5
240.0,2012,21
300.0,1973,19
900.0,1997,22
1.0,2005,22
1200.0,2014,7
180.0,2005,19
7200.0,2006,20
1800.0,2009,17
900.0,2006,12
9000.0,2002,3
7200.0,1978,23
300.0,1969,23
1200.0,2006,21
3600.0,2003,3
30.0,1987,0
180.0,2006,19
900.0,2006,7
60.0,2003,6
1800.0,2014,20
120.0,2013,20
90.0,2013,19
780.0,2004,3
360.0,2000,21
30.0,2009,19
180.0,2011,19
180.0,2001,21
1200.0,2014,1
37800.0,2008,8
30.0,2005,9
120.0,2008,15
180.0,2002,21
3600.0,2004,21
18000.0,2007,23
3600.0,2007,21
120.0,2000,22
21600.0,2011,19
300.0,2012,19
1200.0,2005,20
600.0,2007,20
60.0,2003,23
600.0,2011,19
60.0,2007,23
300.0,2004,20
540.0,2004,20
15.0,2004,4
5.0,2004,15
300.0,2013,23
4.0,2002,20
7200.0,2001,19
5400.0,2009,18
37800.0,2005,20
15.0,2007,21
180.0,2003,19
120.0,2001,19
15.0,2001,15
7200.0,2009,11
420.0,2000,21
300.0,2003,3
15.0,2001,10
3.0,2011,19
600.0,2014,2
420.0,2011,19
30.0,2005,20
1800.0,1980,18
300.0,2000,4
120.0,2013,19
14400.0,2008,2
1800.0,2007,20
600.0,2005,22
600.0,1999,21
1200.0,2001,0
900.0,2001,0
2.0,2000,21
10.0,2000,21
8.0,2000,21
8.0,2000,21
5.0,2000,21
300.0,2001,19
180.0,2003,21
600.0,2000,19
600.0,2000,21
900.0,2010,22
60.0,1997,22
300.0,1982,0
5280.0,2004,4
600.0,1975,2
300.0,2014,19
7200.0,2012,0
15.0,2008,18
9000.0,2012,20
3600.0,2005,20
1800.0,2005,19
1380.0,2013,21
180.0,2007,1
5400.0,2013,20
300.0,2013,21
300.0,2000,21
2400.0,2000,20
10800.0,2004,20
1200.0,2009,21
120.0,1997,2
900.0,2007,19
180.0,2012,20
600.0,2006,21
60.0,2011,22
3600.0,2012,19
1380.0,2013,21
1350.0,2013,21
1350.0,2013,21
1335.0,2013,21
7.0,2011,21
15.0,2010,17
300.0,1997,20
300.0,2008,15
6.0,2012,1
180.0,2012,22
12.0,2013,21
1500.0,2001,23
1200.0,1999,23
5.0,2009,23
30.0,2004,9
900.0,2000,13
600.0,2004,20
900.0,2002,23
600.0,2009,20
40.0,2009,20
900.0,1999,23
1200.0,2010,5
1500.0,2013,23
120.0,2007,10
300.0,2005,19
3600.0,2010,0
6.0,2011,23
7200.0,2014,7
120.0,2004,21
3.0,2000,6
3600.0,2003,22
5.0,1997,20
3600.0,2012,4
180.0,2004,6
60.0,2010,21
5.0,2010,17
600.0,1998,17
8.0,1997,22
420.0,2007,20
1800.0,2005,19
600.0,2008,15
3600.0,2014,21
45.0,2007,2
900.0,1999,21
300.0,2008,20
180.0,2005,15
600.0,2012,22
180.0,1998,0
480.0,2000,22
300.0,1998,0
2400.0,2005,22
30.0,2008,3
180.0,1999,11
180.0,1999,23
180.0,2006,20
600.0,2010,5
10800.0,2004,0
30.0,2011,17
10.0,2006,21
105.0,2013,14
30.0,2001,21
900.0,1997,22
14.0,2006,15
300.0,2012,19
120.0,2006,0
3.0,2000,22
20.0,2000,19
300.0,2007,4
300.0,2007,17
1800.0,2012,22
1200.0,2005,21
120.0,2012,23
7200.0,2000,21
900.0,2000,19
720.0,2000,20
10.0,2013,3
120.0,2003,21
2.0,2002,21
120.0,2008,4
15.0,2002,21
20.0,2013,21
1.5,2001,21
1219.0,2000,19
1200.0,2014,1
90.0,2013,20
5.0,2014,20
300.0,2012,19
300.0,2012,21
240.0,2013,19
180.0,2013,20
2.0,1998,0
12.0,2000,19
600.0,2004,23
5.0,2012,22
1500.0,2000,23
1800.0,2010,22
900.0,2012,23
120.0,2000,20
300.0,2000,20
600.0,2004,20
600.0,2000,22
300.0,2000,20
2400.0,2001,21
240.0,2012,21
1800.0,2005,19
1440.0,1998,2
1200.0,2001,20
30.0,2011,19
900.0,2009,18
10.0,2005,20
600.0,2010,2
600.0,2013,19
600.0,2000,20
37800.0,2000,19
1200.0,2003,15
120.0,2004,5
1200.0,2000,20
1800.0,2000,20
600.0,2005,20
1020.0,2000,20
900.0,2000,20
270.0,2009,2
7.0,2006,14
600.0,2011,11
600.0,2010,18
300.0,2013,19
10800.0,2007,21
120.0,2008,5
17.0,2008,23
3600.0,2011,6
5.0,2013,22
2700.0,2013,20
180.0,2007,20
20.0,2005,0
90.0,2006,21
10.0,2001,22
60.0,2008,20
60.0,2003,21
300.0,1998,18
600.0,1997,20
420.0,2009,17
600.0,2009,20
300.0,1997,20
45.0,1999,21
18000.0,1987,16
3.0,2013,20
120.0,2003,21
900.0,1999,21
600.0,2009,18
3600.0,1999,21
60.0,2009,7
30.0,2014,20
5.0,2007,21
5.0,2007,21
600.0,2013,7
1200.0,2004,21
40.0,1999,0
60.0,1989,21
900.0,2002,21
120.0,2013,21
10.0,1998,22
300.0,2005,19
120.0,2007,20
2700.0,1968,21
180.0,2011,20
60.0,2012,11
15.0,2000,19
1800.0,1997,20
900.0,1997,14
2.0,2011,20
1200.0,2013,21
720.0,2012,23
420.0,2013,0
2700.0,1997,22
300.0,1998,19
1200.0,2008,21
120.0,2013,21
120.0,2007,10
600.0,1997,22
600.0,2012,22
30.0,2012,23
40.0,1946,20
1800.0,1975,0
300.0,2005,15
300.0,2004,19
300.0,2014,21
20.0,2011,18
180.0,2009,16
900.0,2006,16
5.0,2012,22
240.0,2012,6
20.0,2013,18
900.0,2009,18
1800.0,2006,19
120.0,2005,20
900.0,2012,21
1200.0,2013,20
600.0,1999,0
120.0,1981,12
7.0,2008,11
3300.0,2011,20
2700.0,1998,20
600.0,1966,17
120.0,1998,21
180.0,2013,20
600.0,2009,21
360.0,1997,22
60.0,2004,21
480.0,1999,10
420.0,2001,22
360.0,1999,21
1800.0,2013,22
180.0,2002,19
20.0,1998,20
15.0,1997,0
120.0,2004,10
3.0,2000,19
7200.0,2000,23
120.0,1997,6
120.0,1999,19
60.0,2008,19
180.0,1995,20
1200.0,1999,17
900.0,2003,4
3600.0,2008,12
120.0,1998,10
300.0,2001,2
180.0,1999,18
1200.0,1999,20
120.0,2001,19
600.0,2002,18
60.0,2005,2
21600.0,2001,0
4.0,2000,23
3600.0,2008,1
600.0,2004,19
3.0,2011,20
300.0,2013,21
900.0,1997,20
15.0,2002,3
10.0,1998,14
1200.0,2004,0
15.0,2001,4
120.0,2010,4
15.0,2000,23
300.0,2011,17
240.0,2011,21
6312000.0,1993,5
600.0,2005,21
2700.0,2014,20
1200.0,2002,20
3600.0,2004,21
900.0,2005,23
900.0,2005,23
900.0,2009,14
2700.0,2014,18
600.0,2012,22
600.0,2006,21
600.0,2010,20
1.0,1998,5
900.0,2011,0
600.0,2009,21
300.0,2007,19
180.0,2005,19
6300.0,2002,19
7200.0,2004,7
3600.0,2008,21
300.0,2009,0
45.0,2007,9
600.0,2000,20
45.0,2000,16
360.0,2013,20
420.0,2000,20
5.0,2013,17
2700.0,2002,20
1500.0,2000,19
1200.0,2000,20
180.0,2011,20
900.0,2003,7
900.0,2001,21
900.0,2000,20
600.0,2000,18
60.0,2010,20
1217.0,2000,20
1155.0,2000,19
660.0,2000,20
10.0,2003,11
900.0,2001,15
300.0,2000,20
300.0,2000,20
1.0,2011,20
480.0,2010,17
300.0,2000,20
20.0,2013,23
120.0,2002,20
15.0,2012,20
120.0,2001,15
15.0,2005,22
420.0,2000,20
7.0,2009,21
600.0,2012,20
5.0,2000,23
300.0,2000,20
300.0,2000,21
300.0,2000,20
1800.0,2002,20
180.0,2009,21
120.0,2000,20
120.0,2000,21
120.0,2000,20
240.0,2012,21
1200.0,2000,19
900.0,2000,18
900.0,2000,20
900.0,2000,20
900.0,2000,20
780.0,2001,20
660.0,2003,20
900.0,2000,20
600.0,2013,20
600.0,2000,20
600.0,2000,20
60.0,2001,18
120.0,2014,21
1080.0,2000,19
1080.0,2000,18
2400.0,2001,11
240.0,2000,19
7200.0,2009,5
900.0,2013,14
900.0,2005,20
600.0,2012,10
14400.0,2012,0
120.0,2012,21
900.0,2000,20
600.0,2003,10
300.0,2005,20
90.0,2003,18
5.0,2012,20
300.0,2013,20
30.0,2005,0
7200.0,2004,22
60.0,2014,19
120.0,2010,23
420.0,2007,15
5.0,2007,18
5.0,2013,18
240.0,2008,23
1500.0,2000,19
1200.0,2000,20
1200.0,2000,20
900.0,2000,19
600.0,2000,19
600.0,2000,20
60.0,2010,20
60.0,1995,22
900.0,2013,19
480.0,2004,22
6.0,2001,21
1800.0,2000,16
180.0,2009,11
1200.0,2000,22
600.0,2014,14
60.0,2002,19
300.0,1997,20
30.0,2005,19
180.0,1999,11
900.0,2008,13
1200.0,2009,12
2.0,1995,21
240.0,2011,19
3.0,2009,23
2.0,2003,18
120.0,2012,21
7200.0,1997,22
720.0,2000,20
600.0,2013,18
10.0,2010,20
300.0,2004,20
600.0,2013,19
600.0,2009,20
360.0,2010,19
300.0,2000,20
600.0,2014,20
300.0,2012,22
300.0,2005,16
5.0,2011,19
240.0,2000,6
1800.0,2002,11
1800.0,2005,23
180.0,2009,20
30.0,2005,3
120.0,2009,22
600.0,1967,23
600.0,2013,19
60.0,1998,18
3000.0,2004,2
600.0,2001,8
360.0,2001,8
120.0,2008,20
600.0,2014,22
180.0,2012,19
1200.0,2012,12
120.0,2006,16
20.0,2004,13
7200.0,2004,4
12.0,2004,9
10800.0,2000,0
120.0,2000,20
15.0,2011,20
900.0,2013,21
10.0,2003,1
600.0,2009,18
1800.0,2002,0
300.0,2013,19
120.0,2006,4
1.0,2010,0
1200.0,2009,1
30.0,2000,20
15.0,2000,20
60.0,2011,19
300.0,2014,20
1500.0,2013,21
300.0,1959,13
5400.0,2011,19
42.0,2011,6
1800.0,2009,19
600.0,2008,22
300.0,2009,20
3.0,1997,0
180.0,1999,19
15.0,2011,20
4.0,2011,19
3.0,2011,19
1320.0,2012,21
45.0,2010,5
5.0,2007,19
1200.0,2013,18
60.0,2013,18
1200.0,2013,19
900.0,2004,20
300.0,2011,21
300.0,2007,0
180.0,2013,20
1410.0,2013,21
20.0,1998,21
60.0,2009,19
360.0,2014,20
300.0,2013,20
180.0,1998,20
180.0,2004,19
1200.0,2002,21
900.0,2006,20
600.0,2013,21
1200.0,2001,13
180.0,2014,0
300.0,2011,4
300.0,1997,20
120.0,2009,21
1200.0,2005,20
60.0,2013,11
30.0,2006,19
60.0,2004,15
45.0,1998,17
20.0,2001,23
45.0,2002,20
180.0,2012,22
900.0,2006,5
600.0,2006,23
60.0,2009,20
900.0,2007,0
300.0,2002,22
240.0,2005,21
180.0,2005,17
7200.0,2008,21
900.0,2008,21
600.0,1999,20
3600.0,2000,19
120.0,2012,21
300.0,2007,21
300.0,2003,19
1500.0,2007,19
10.0,2007,2
10.0,1977,21
1.5,2003,19
0.1,2011,21
8.0,2004,21
60.0,2008,19
1800.0,2000,21
900.0,2005,5
30.0,1998,5
14400.0,2000,6
180.0,2001,1
7200.0,1999,23
7.0,2011,19
2400.0,2011,17
1200.0,2001,13
30.0,2001,21
900.0,2011,21
240.0,2011,22
240.0,2010,11
180.0,1975,3
480.0,2000,13
1200.0,2003,21
25.0,2001,15
1200.0,2002,19
120.0,1998,21
300.0,1990,20
360.0,1997,20
4.0,2004,21
1200.0,2008,19
300.0,2007,18
1320.0,2003,3
5400.0,2011,22
60.0,2011,8
120.0,2000,21
1200.0,2012,19
1800.0,2011,20
600.0,2011,20
60.0,2008,20
300.0,2013,20
300.0,2003,23
900.0,2010,0
900.0,2008,13
7200.0,2010,21
1800.0,2011,18
60.0,2011,18
300.0,2013,11
15.0,1968,11
7200.0,2009,19
900.0,2007,6
900.0,2013,22
3600.0,2013,19
900.0,2000,21
300.0,2013,17
30.0,2012,3
1800.0,2005,13
180.0,2011,7
1200.0,2009,17
900.0,2007,20
1200.0,2000,0
6.0,2012,22
300.0,2014,21
300.0,2014,21
900.0,2013,20
10.0,2013,16
1.0,2011,23
20.0,2008,20
3600.0,2004,20
60.0,2010,22
5.0,2009,21
300.0,2002,1
300.0,2002,1
30.0,2011,22
120.0,1995,19
12.0,2009,7
10.0,2006,21
600.0,2005,22
600.0,2000,5
7200.0,2001,20
60.0,2010,20
60.0,2014,21
60.0,2004,20
300.0,2008,15
45.0,2011,19
10.0,2008,18
10.0,2005,8
600.0,1996,1
60.0,2011,20
120.0,2000,20
5.0,2012,21
30.0,2008,21
40.0,2006,21
360.0,2007,21
360.0,2007,19
2700.0,2012,20
180.0,2012,20
2.0,2011,22
120.0,2011,4
120.0,2011,9
60.0,2012,19
300.0,2008,7
900.0,2010,20
10.0,2011,22
978.0,2013,16
3600.0,2013,23
900.0,2012,22
300.0,2014,1
3300.0,2007,19
180.0,2011,19
180.0,2011,19
60.0,2004,19
2.0,2011,3
1200.0,2005,20
120.0,2013,11
180.0,2014,18
1200.0,2009,19
900.0,1998,21
180.0,2004,8
180.0,2005,20
15.0,2008,10
180.0,2012,20
3600.0,2012,20
60.0,2001,14
3600.0,1999,20
300.0,2013,20
1800.0,2003,20
1800.0,2011,20
180.0,2010,8
120.0,2003,20
600.0,2012,20
6.0,2005,22
3600.0,1977,20
21600.0,2009,19
20.0,2008,8
120.0,2007,20
120.0,2006,11
2700.0,2004,21
1200.0,1975,22
30.0,1999,11
900.0,2013,20
40.0,2013,16
7200.0,2003,21
60.0,2008,4
5.0,2004,12
2700.0,2011,21
3.0,2005,22
2.0,2014,2
60.0,2010,21
600.0,2004,22
300.0,2013,19
2700.0,2014,20
1500.0,2007,22
1200.0,2004,21
120.0,2014,19
1800.0,2003,3
900.0,2003,21
720.0,2013,18
10.0,2006,19
10.0,2013,23
600.0,2006,20
1800.0,2013,20
1200.0,1980,21
10.0,2011,20
10.0,2005,20
5.0,2006,10
1200.0,2010,23
120.0,2014,20
240.0,2014,20
1800.0,2014,6
180.0,2013,22
600.0,2013,18
600.0,2013,20
60.0,2012,19
5.0,2011,22
1500.0,2006,20
300.0,2014,22
180.0,2010,0
1800.0,2008,21
1200.0,2014,19
1200.0,2008,22
7200.0,2003,23
30.0,2011,22
3600.0,2006,21
2700.0,2006,21
600.0,2012,19
300.0,2004,18
20.0,2004,17
900.0,1992,22
600.0,2008,20
5.0,1997,20
90.0,1978,12
5400.0,2008,20
300.0,2004,18
120.0,2004,0
60.0,2003,3
120.0,2002,22
180.0,2013,18
240.0,2004,20
600.0,2000,20
360.0,2014,21
600.0,2012,19
60.0,2008,20
6.0,2012,20
180.0,2001,20
60.0,2007,23
1800.0,2013,21
3.0,2004,21
300.0,2011,23
120.0,2014,19
7200.0,2006,7
30.0,2007,23
15.0,2011,6
10.0,2004,19
600.0,2003,21
2700.0,2009,19
20.0,2013,23
600.0,2003,16
1200.0,2009,11
7200.0,2001,1
300.0,2001,19
300.0,1995,12
240.0,2009,0
14400.0,2000,22
1800.0,2004,8
3.0,2006,0
180.0,2009,10
2.0,2003,20
120.0,2001,22
20.0,2011,0
5.0,2003,19
172800.0,2013,21
2.0,2013,5
900.0,2003,20
120.0,2009,19
600.0,1998,21
2.0,1998,19
600.0,2013,10
2400.0,2008,17
10.0,2004,21
600.0,2004,19
600.0,2013,19
45.0,1999,19
90.0,2005,18
480.0,2003,18
60.0,2005,21
300.0,1999,5
15.0,2010,1
5.0,1999,1
5.0,2004,0
2400.0,2009,8
4.0,2007,20
30.0,2011,21
1800.0,2009,16
3.0,2005,2
180.0,2005,21
20.0,2009,5
1800.0,2008,7
1200.0,2005,21
15.0,2009,21
900.0,2000,19
900.0,2012,5
120.0,2013,19
600.0,2005,21
600.0,2009,18
3600.0,2008,21
1.0,2012,0
120.0,1993,12
60.0,2009,18
300.0,2005,21
300.0,2011,20
300.0,1995,12
2700.0,1979,20
2100.0,1981,20
90.0,2004,18
2.0,2010,16
120.0,2002,17
900.0,2007,20
600.0,2002,20
300.0,2000,0
1800.0,1995,18
180.0,2010,20
180.0,2012,18
120.0,2002,16
120.0,2014,19
600.0,2004,20
60.0,2008,17
300.0,2012,9
300.0,2014,22
240.0,2012,18
60.0,2010,19
5.0,2009,2
600.0,2009,2
30.0,1997,17
1800.0,2014,18
180.0,2005,20
180.0,2013,21
1200.0,2008,0
120.0,2012,21
7200.0,2004,2
60.0,2008,18
2.0,2012,22
10.0,2011,20
2400.0,2013,15
2100.0,2013,18
4.0,1997,16
4.0,1997,16
30.0,1997,23
1800.0,2008,18
1800.0,2005,21
1800.0,2005,20
10800.0,2006,20
20.0,2005,0
120.0,2012,20
7200.0,2003,2
300.0,2013,23
1800.0,2009,19
180.0,2001,10
180.0,2009,20
120.0,2014,0
721.0,2005,1
60.0,2002,20
7.0,2008,3
420.0,2002,20
3000.0,2010,16
300.0,2003,1
600.0,2006,20
2400.0,1999,21
4.0,2014,22
1200.0,2007,20
60.0,2003,8
60.0,2004,18
1800.0,2013,22
60.0,2013,21
300.0,2002,17
1200.0,2012,10
1800.0,2007,19
600.0,2002,19
6.0,2014,20
3.0,2008,20
120.0,2010,20
150.0,2002,21
900.0,2005,0
40.0,2005,20
2700.0,2000,19
10800.0,2014,22
900.0,2001,19
5.0,2007,19
600.0,1986,0
1200.0,2004,22
10.0,2008,19
300.0,2009,1
12.0,2012,21
10.0,2012,21
240.0,2001,23
60.0,2014,4
120.0,2005,4
15.0,2012,1
120.0,2013,8
180.0,2005,23
180.0,2014,19
60.0,2008,21
3600.0,2009,21
180.0,2001,22
2160.0,2008,11
300.0,2011,16
14.0,2005,18
300.0,1969,20
900.0,2009,19
600.0,2003,17
3600.0,2003,23
658.0,2005,12
345600.0,2012,22
18000.0,2012,12
1500.0,2000,1
120.0,2013,7
600.0,2014,18
15.0,2010,18
5.0,2008,22
300.0,2012,20
1800.0,2001,1
180.0,2013,22
900.0,2000,20
600.0,2012,20
600.0,2006,19
600.0,2007,8
1.0,2011,22
120.0,2011,0
60.0,2012,19
60.0,2012,7
90.0,2012,5
5400.0,2005,18
600.0,2007,21
300.0,2013,23
2700.0,2002,20
10.0,2006,21
600.0,2013,20
600.0,2005,18
120.0,2010,22
300.0,2010,20
900.0,2013,20
5.0,2005,5
240.0,2005,20
3600.0,2013,20
300.0,2007,21
300.0,2004,19
20.0,2013,1
1200.0,2004,21
900.0,2010,21
10.0,2005,19
60.0,2013,23
30.0,2001,3
7.0,2010,12
2700.0,2007,1
30.0,2004,22
1800.0,2012,20
180.0,1978,18
120.0,2001,23
1200.0,1999,17
1200.0,2000,12
1200.0,2011,23
1200.0,1999,10
120.0,2012,7
60.0,2010,18
3600.0,1997,14
300.0,1997,20
180.0,2008,17
1200.0,1997,19
1200.0,1997,20
1200.0,1997,9
900.0,1997,18
600.0,1997,20
60.0,2002,20
2.0,2002,10
300.0,2004,10
10.0,2003,13
50.0,2009,13
300.0,2005,23
300.0,2006,12
300.0,2010,17
2400.0,2013,9
120.0,1977,21
600.0,2003,22
600.0,2008,19
600.0,1997,11
150.0,1998,5
145.0,1998,5
60.0,2008,9
8.0,2012,20
420.0,2005,20
5.0,2000,15
5.0,2009,6
300.0,2014,20
10.0,2001,4
1800.0,2002,20
1800.0,2006,15
3.0,2008,17
3.0,2009,17
180.0,2014,21
1500.0,2014,20
20.0,2013,16
20.0,1998,8
120.0,2013,23
120.0,1991,22
10500.0,2006,22
7200.0,2000,0
60.0,2002,20
15.0,2000,20
600.0,1983,21
600.0,2010,21
600.0,1997,20
600.0,2013,22
60.0,2001,20
60.0,2005,23
240.0,2014,20
2.0,2008,8
180.0,2005,19
120.0,1999,19
5.0,1998,16
5.0,2006,21
45.0,1998,18
180.0,2006,12
180.0,1997,21
180.0,1997,9
600.0,2013,21
3600.0,2013,5
600.0,1999,19
1800.0,2009,7
300.0,1997,21
120.0,2008,7
900.0,2005,15
900.0,2008,16
600.0,2005,21
900.0,2011,19
60.0,2001,23
60.0,2001,19
120.0,2003,15
6.0,1976,11
300.0,1975,12
300.0,2004,21
300.0,2013,18
300.0,1979,21
2700.0,2000,17
2400.0,2012,15
30.0,2009,0
180.0,2003,21
180.0,2001,14
1200.0,2009,14
120.0,2009,13
120.0,2007,19
20.0,2011,21
1200.0,2011,20
15.0,2005,12
900.0,2004,13
600.0,2004,12
37800.0,1976,22
60.0,1959,21
60.0,1972,15
2700.0,2002,14
1800.0,2002,14
60.0,2004,23
60.0,2004,23
10.0,2001,1
6.0,2003,22
7.0,2005,20
50.0,2014,22
5.0,2013,20
300.0,2014,20
300.0,2013,23
4.0,2009,23
1800.0,2004,21
30.0,2000,8
30.0,2012,20
3.0,2001,20
180.0,1998,3
180.0,2013,21
1200.0,1986,18
1500.0,2005,22
20.0,2013,21
1200.0,2008,20
2.0,2004,5
2.0,1998,21
2.0,2010,1
120.0,2012,18
120.0,2010,19
120.0,2004,21
10.0,1999,21
600.0,1999,22
1.0,2009,15
1.0,2006,3
60.0,2002,19
3600.0,2002,21
180.0,2014,6
2.0,2003,18
2.0,2000,12
30.0,2009,21
1200.0,1995,1
300.0,2004,20
300.0,2005,11
300.0,1997,20
2700.0,2011,22
5.0,2008,22
45.0,2005,9
240.0,1997,20
240.0,2001,19
30.0,2012,18
1800.0,2008,20
1800.0,2008,20
180.0,2002,1
1200.0,2007,21
120.0,2013,22
120.0,2005,22
120.0,2001,18
900.0,2009,13
1200.0,2003,18
900.0,2012,15
600.0,2006,20
900.0,2006,20
120.0,2000,21
540.0,2013,21
30.0,1999,23
2.0,2009,20
180.0,2006,12
2.0,2008,22
90.0,2001,21
5400.0,1998,21
480.0,2009,19
8.0,2005,23
420.0,2005,0
360.0,2004,20
360.0,2012,22
600.0,2012,2
5.0,1999,19
300.0,2005,20
300.0,2005,17
300.0,2006,19
300.0,2004,6
300.0,2012,21
300.0,2006,20
300.0,2004,21
300.0,2005,21
300.0,2004,22
360.0,2002,21
45.0,2004,21
2700.0,2009,18
2700.0,2005,18
4.0,2010,4
240.0,2004,23
14400.0,1968,2
240.0,2009,21
240.0,2005,22
30.0,2008,21
1800.0,2011,22
2700.0,2003,21
30.0,2005,19
30.0,2002,18
1800.0,2003,23
1800.0,2005,22
180.0,2007,22
180.0,1997,21
180.0,2013,3
180.0,2013,21
180.0,2006,19
240.0,2014,20
1200.0,1995,20
20.0,2002,21
1200.0,2007,16
1200.0,2005,22
1200.0,2008,20
1200.0,2000,20
120.0,2012,20
120.0,2004,23
120.0,2006,20
120.0,2004,20
7200.0,2007,0
73800.0,1998,3
900.0,2002,23
900.0,2010,21
900.0,2013,4
900.0,2012,21
900.0,2005,19
900.0,2008,23
900.0,2005,22
900.0,2012,20
900.0,2004,18
900.0,2005,20
900.0,2008,18
780.0,2008,18
720.0,2012,7
7200.0,2008,12
10.0,1989,23
10.0,2009,21
600.0,2011,17
600.0,1998,21
600.0,1997,20
600.0,2003,22
300.0,2005,22
5400.0,2002,20
60.0,2012,20
60.0,2008,10
60.0,2005,20
60.0,2000,21
60.0,1996,20
60.0,2005,3
4500.0,2004,21
4500.0,2005,21
3600.0,2013,19
1289.0,2001,21
1215.0,2009,19
300.0,1999,20
120.0,2002,18
60.0,2002,11
6.0,2010,20
50.0,2008,10
300.0,2012,18
300.0,2004,19
300.0,2010,18
300.0,2005,3
300.0,1997,20
14400.0,2002,19
5.0,2000,20
45.0,2007,0
1800.0,1997,22
1800.0,2007,22
1800.0,2006,17
1800.0,1990,22
3.0,2006,11
3.0,2010,5
180.0,2002,2
180.0,2007,18
5.0,2003,21
1800.0,2006,17
1209600.0,2008,14
120.0,2008,6
120.0,2014,22
7200.0,1997,6
90.0,2006,15
15.0,2006,0
15.0,2010,15
900.0,2008,23
900.0,2011,23
600.0,2008,20
600.0,2002,16
600.0,1997,0
600.0,2009,7
5400.0,2006,17
60.0,2005,18
60.0,2013,21
60.0,2003,8
12.0,2008,17
10800.0,2012,2
60.0,2004,1
300.0,2011,12
3600.0,1999,22
45.0,2005,13
240.0,2014,23
30.0,2011,21
180.0,2005,15
180.0,2012,0
10800.0,1998,5
120.0,2004,10
900.0,2010,13
900.0,2003,21
600.0,2004,21
600.0,2004,18
60.0,2001,12
60.0,2005,19
3600.0,2008,8
600.0,1997,21
5.0,2006,21
300.0,2001,10
2880.0,2007,17
240.0,2007,23
120.0,2006,21
120.0,1999,22
15.0,2013,19
120.0,2005,0
10.0,2010,13
60.0,1993,20
8.0,2002,21
7200.0,1999,21
120.0,1998,1
1200.0,2009,21
1800.0,2004,22
420.0,2012,20
6.0,2013,18
21600.0,2009,19
5.0,2014,21
300.0,2012,20
300.0,2014,21
300.0,1983,19
2700.0,2009,19
4.0,2006,2
2100.0,2003,16
30.0,2012,21
30.0,1993,22
180.0,2006,15
180.0,2006,21
11700.0,2004,7
20.0,2008,8
1200.0,2011,16
1200.0,2005,14
120.0,2004,10
1200.0,2014,15
15.0,1999,10
900.0,1998,18
900.0,2012,20
900.0,2008,13
12.0,2008,21
10.0,2003,19
10.0,2005,11
10.0,2012,13
600.0,2006,13
600.0,2004,22
600.0,2008,14
5.0,2005,20
45.0,2011,19
1800.0,2008,20
120.0,2010,19
120.0,2010,20
60.0,2001,22
15.0,1997,20
480.0,1997,20
5.0,2002,20
300.0,1997,20
300.0,2012,22
300.0,2002,1
4.0,2001,22
4.0,2001,22
240.0,1997,21
240.0,1997,20
40.0,2000,19
30.0,2013,19
30.0,2004,21
1800.0,2008,19
1800.0,2004,19
180.0,1997,20
180.0,1997,20
1500.0,2012,10
180.0,1999,21
1200.0,2000,20
1800.0,1997,20
2.0,2006,20
120.0,2008,22
5400.0,2009,21
1080.0,2008,20
1200.0,2012,23
15.0,2001,20
900.0,2004,18
10.0,2005,0
600.0,2005,17
600.0,2005,23
600.0,2000,21
60.0,2003,19
60.0,1997,20
60.0,2006,2
3600.0,2006,20
60.0,2009,22
300.0,2012,0
900.0,2010,13
180.0,2011,23
420.0,2002,21
3600.0,1988,1
300.0,2012,20
2700.0,2010,19
14400.0,1997,1
35.0,2008,20
3.0,2008,18
180.0,2012,20
10800.0,2005,3
120.0,2003,5
120.0,2008,23
120.0,2007,21
7200.0,2006,0
960.0,2003,21
15.0,2011,6
900.0,2011,6
600.0,2003,20
600.0,2004,20
300.0,2005,22
30.0,1999,6
0.3,2012,5
900.0,2004,20
300.0,2000,19
15.0,2004,22
3600.0,2014,12
120.0,2000,20
4.0,2011,3
900.0,1993,12
2.0,2005,17
10.0,2014,20
300.0,1997,21
30.0,2013,22
10.0,2003,19
240.0,2013,19
3600.0,2009,2
300.0,1997,20
300.0,1997,20
30.0,1997,21
180.0,2001,22
180.0,1997,18
600.0,2002,18
600.0,1997,20
2700.0,1999,8
180.0,2001,21
1800.0,2010,22
20.0,2009,5
600.0,2007,22
60.0,2004,19
360.0,2001,11
300.0,2013,7
300.0,2012,20
60.0,2008,19
180.0,1994,23
120.0,2003,21
4.0,2007,20
3.0,2008,20
20.0,2006,18
30.0,2013,21
6.0,2000,22
360.0,2000,20
4.0,2014,19
180.0,2000,21
180.0,2000,0
20.0,2011,21
900.0,1999,21
900.0,2000,20
600.0,2000,0
120.0,2012,18
600.0,2000,6
600.0,2000,6
600.0,2000,6
180.0,2005,19
360.0,2005,2
240.0,2000,20
1800.0,2007,16
20.0,2011,21
1200.0,2000,21
600.0,2000,20
300.0,1999,23
600.0,2012,23
60.0,2012,20
300.0,2011,2
30.0,2011,21
1800.0,1997,23
73800.0,2013,18
1200.0,2011,23
300.0,2000,23
120.0,2012,22
420.0,2012,3
600.0,2007,21
120.0,2009,5
60.0,2008,5
5400.0,2005,17
300.0,2003,12
300.0,1995,1
1200.0,2007,21
1800.0,2009,19
10.0,2006,10
40.0,2009,14
1200.0,2013,19
600.0,2010,20
900.0,2011,3
5.0,2014,20
6.0,2007,20
2400.0,2011,6
1800.0,2007,0
30.0,2014,22
180.0,2013,20
60.0,2007,20
300.0,2009,19
3.0,2013,20
4.0,2011,21
30.0,2007,12
1200.0,2009,22
1.0,2011,20
60.0,2012,21
300.0,2005,22
30.0,2013,22
600.0,2013,19
300.0,2013,21
120.0,2007,6
120.0,2009,17
720.0,2010,13
20.0,2006,20
5.0,2013,18
600.0,2013,0
432000.0,2013,17
180.0,2003,17
2400.0,2013,20
120.0,2013,3
900.0,2008,6
6.0,2004,19
300.0,2007,21
10.0,2012,21
1800.0,2011,20
300.0,2012,20
30.0,2013,21
3600.0,2012,13
30.0,1996,18
1200.0,1994,3
5.0,2003,19
300.0,2010,21
30.0,2008,9
900.0,2006,21
3600.0,2013,21
10.0,1997,19
300.0,2004,18
10800.0,2002,22
120.0,2014,20
1800.0,2001,4
45.0,2003,0
1200.0,2005,21
300.0,2014,6
300.0,1999,19
300.0,2003,7
180.0,2003,6
300.0,2000,3
2100.0,2005,22
120.0,1999,21
600.0,2004,20
600.0,2008,14
3600.0,2005,1
120.0,2014,23
1200.0,2006,5
7200.0,2003,21
600.0,1999,17
10.0,2004,21
30.0,2011,0
180.0,2006,13
900.0,2010,22
600.0,1997,16
600.0,2008,2
900.0,2013,20
45.0,2011,20
1800.0,2004,23
1800.0,1999,18
15.0,2010,11
900.0,2005,15
900.0,2003,23
10.0,2006,22
5.0,2000,20
4.0,2000,16
14400.0,1981,0
180.0,2014,21
15.0,2002,20
900.0,2004,1
15.0,2012,2
15.0,1995,21
12.0,2001,21
1.2,1998,21
3600.0,2013,18
300.0,2000,23
900.0,2005,21
120.0,2006,21
25.0,2008,21
20.0,2008,21
20.0,2004,0
900.0,2004,20
3600.0,2008,23
180.0,1987,3
300.0,2001,21
45.0,2014,15
5.0,2004,22
1800.0,2014,18
3.0,2012,20
300.0,2001,20
120.0,2006,0
120.0,2002,19
15.0,2000,21
900.0,2014,19
900.0,2012,21
10.0,2000,20
600.0,2012,23
90.0,2008,20
60.0,2006,17
900.0,2011,7
120.0,2006,20
1800.0,2013,23
9000.0,2007,11
10.0,1998,23
300.0,2007,20
180.0,2013,23
15.0,2013,20
7.0,2004,16
1200.0,2012,22
120.0,2004,21
7200.0,2004,7
10.0,2001,22
5.0,2000,16
30.0,2010,23
240.0,2011,5
300.0,1997,20
30.0,2001,16
1800.0,1997,19
180.0,2005,12
4.0,1999,6
120.0,2005,19
15.0,2005,0
120.0,2008,5
10.0,2006,1
10.0,2005,3
600.0,1999,17
600.0,1990,20
600.0,2005,19
60.0,2000,20
37800.0,2005,4
2400.0,1997,0
300.0,2011,16
300.0,2011,11
1800.0,1987,0
20.0,2008,5
900.0,2004,20
600.0,2012,22
600.0,2014,8
60.0,2013,20
3600.0,2013,23
2.0,2007,21
600.0,2012,20
150.0,2005,12
120.0,2012,20
780.0,2011,21
300.0,2010,3
600.0,2011,3
2.0,2007,12
5.0,2003,18
1.0,2008,16
360.0,2003,18
360.0,2002,19
2.0,2008,13
300.0,1998,9
300.0,2013,20
30.0,2000,22
2.0,1999,22
1800.0,1993,20
60.0,2005,10
600.0,1997,21
60.0,2004,23
5.0,2004,19
300.0,2007,21
300.0,1996,21
300.0,2005,21
300.0,2006,19
180.0,2009,5
180.0,2004,19
180.0,2004,5
1200.0,2001,22
120.0,2004,1
900.0,1996,22
900.0,1998,21
600.0,2013,22
600.0,2006,22
3600.0,2011,0
2700.0,1999,19
1800.0,2006,20
900.0,1998,19
10.0,2001,19
60.0,1989,17
300.0,2003,15
20.0,2002,3
3600.0,2011,21
300.0,1994,23
5.0,2000,16
300.0,1997,22
120.0,2000,23
600.0,2002,7
60.0,2004,17
15.0,2012,21
45.0,2011,20
1200.0,2002,20
1200.0,2011,1
120.0,2003,23
900.0,2012,3
600.0,2013,4
600.0,2012,4
3600.0,2013,21
180.0,2007,9
300.0,2005,18
120.0,2002,19
4.0,2004,22
4.0,2009,20
60.0,2013,18
18000.0,2007,1
10.0,1991,1
2.0,2000,21
1800.0,2012,23
900.0,2004,21
600.0,1996,1
60.0,2009,17
60.0,1988,1
3600.0,2006,3
120.0,1999,18
20.0,2013,13
15.0,2012,20
180.0,2007,19
120.0,2009,13
600.0,2007,20
7.0,2005,23
10800.0,1998,20
600.0,2011,17
600.0,1972,22
10.0,2012,20
300.0,1984,18
1200.0,2001,21
600.0,1999,17
420.0,2006,11
3600.0,2003,19
240.0,2011,22
900.0,2004,20
300.0,2004,20
420.0,2007,14
1200.0,2012,20
900.0,2012,19
1.0,2009,5
20.0,2007,19
3600.0,1997,16
3000.0,2005,6
600.0,1997,19
2700.0,2003,18
900.0,2000,19
1.5,2011,18
120.0,2009,20
240.0,2001,19
20.0,2001,20
900.0,2013,19
300.0,2011,20
900.0,2014,19
180.0,2003,21
180.0,2013,0
300.0,2014,20
8.0,2012,9
30.0,2006,15
15.0,2004,21
1800.0,2013,21
3600.0,2003,14
300.0,2005,19
12.0,2012,10
360.0,2003,23
180.0,2009,2
1500.0,2005,22
2.0,2012,4
1.0,2012,8
1.0,2013,4
420.0,2005,18
240.0,2011,19
180.0,2005,19
420.0,2013,6
5.0,2002,18
300.0,2009,21
180.0,2014,15
45.0,1998,21
9.0,2012,2
7.0,2006,21
50.0,2008,21
50.0,2008,21
300.0,2009,12
2700.0,2000,22
2400.0,2006,1
240.0,2012,8
180.0,2010,19
180.0,2008,19
120.0,2010,20
7200.0,2005,19
60.0,2005,19
900.0,2004,22
37800.0,2005,19
660.0,2007,21
10.0,2008,1
600.0,2014,14
600.0,2000,21
600.0,2012,16
30.0,2010,21
1800.0,2014,23
120.0,2005,19
1.5,2007,21
3.0,2012,22
600.0,2013,19
900.0,2012,21
300.0,2012,23
25.0,2005,15
900.0,2012,21
300.0,2013,0
7200.0,2002,1
1.0,2013,7
5100.0,2003,19
180.0,2000,11
300.0,2010,0
1800.0,1996,19
1800.0,2007,16
120.0,2001,12
60.0,2000,4
300.0,2010,19
120.0,2012,21
600.0,2001,16
60.0,2009,19
40.0,2007,14
15.0,2012,22
120.0,2003,5
60.0,2003,12
180.0,2012,12
300.0,2010,21
1200.0,2006,14
4500.0,2004,23
10.0,2011,22
600.0,2001,16
300.0,2012,23
1800.0,2012,23
2.0,2009,20
1200.0,2000,22
900.0,2003,22
10.0,2013,20
300.0,1997,20
1800.0,2004,3
2400.0,2001,8
1200.0,2004,22
1200.0,1997,20
120.0,2008,20
900.0,2004,16
900.0,2009,13
60.0,2001,1
600.0,1997,20
2700.0,2003,18
20.0,2010,12
120.0,2007,21
10.0,2007,20
3600.0,2001,5
90.0,2001,21
720.0,2013,3
300.0,2011,22
4.0,2002,21
1200.0,1985,22
1200.0,2009,20
2.0,2004,4
600.0,2013,10
15.0,2006,10
2700.0,2009,19
4.0,2004,17
1800.0,2007,21
120.0,1968,18
120.0,2007,22
900.0,1993,2
3.0,2005,19
1.0,2012,4
70.0,2010,16
2700.0,2010,1
4.0,2000,22
120.0,2011,22
600.0,2013,0
90.0,2014,20
1200.0,1999,14
1200.0,1999,14
8.0,2000,1
1500.0,1997,20
1800.0,2009,10
600.0,2009,20
1200.0,2002,20
1200.0,2006,16
300.0,2008,1
300.0,2006,20
35.0,2012,9
240.0,2006,21
1800.0,2008,20
180.0,2004,18
30.0,2007,9
1200.0,2012,23
3600.0,2001,15
39.0,2006,21
6.0,2012,19
1800.0,2009,0
20.0,1997,22
120.0,2011,12
4.0,2000,12
120.0,2007,18
60.0,2008,11
240.0,2014,18
2.0,2009,23
300.0,2011,20
240.0,2003,14
240.0,2003,14
2700.0,2009,3
30.0,2008,18
30.0,2010,10
1800.0,2009,16
300.0,2004,18
3.0,2013,1
1200.0,2010,6
1200.0,2013,22
1200.0,2008,20
120.0,1993,21
120.0,2012,20
15.0,2004,16
900.0,2012,18
900.0,2013,1
900.0,2007,14
60.0,2007,23
3600.0,2003,16
240.0,2013,22
2.0,2004,17
20.0,2009,11
300.0,1972,23
40.0,2004,3
900.0,1974,13
600.0,2000,21
30.0,2005,16
300.0,2002,20
600.0,1980,16
382.0,2008,19
5.0,1968,19
300.0,2008,13
300.0,2008,14
2700.0,2001,1
3.0,2006,21
180.0,2002,18
180.0,2004,23
1200.0,2005,17
600.0,2010,1
60.0,2002,1
900.0,1996,18
1500.0,2004,20
1200.0,1999,17
300.0,2012,20
3.5,2009,19
3.0,2004,3
3.0,2014,20
180.0,2013,19
180.0,1986,17
2.0,2008,19
2.0,2004,20
120.0,2010,5
120.0,2013,19
15.0,2005,19
10.0,2000,20
10.0,1999,23
600.0,2008,20
2419200.0,1987,15
900.0,2009,19
600.0,2009,20
600.0,2009,19
15.0,2006,18
1.0,2011,23
1.0,2002,21
300.0,2013,20
300.0,2010,21
120.0,2013,20
2.0,2002,20
10.0,2010,19
6.0,2002,22
360.0,2012,21
360.0,1998,15
10.0,2012,9
5.0,2013,20
5.0,2000,21
5.0,2008,8
300.0,2014,23
300.0,2013,21
300.0,2007,20
300.0,2013,21
300.0,1960,20
4.0,2014,19
4.0,1998,1
30.0,2014,19
30.0,2005,23
1800.0,2009,16
3.0,2014,20
3.0,2008,22
180.0,2013,19
180.0,2002,5
180.0,2006,19
3.0,2003,19
20.0,2007,2
20.0,2012,0
1200.0,2009,22
120.0,2014,1
3600.0,2004,20
900.0,1986,1
1200.0,2013,21
15.0,2002,21
15.0,2004,18
900.0,2009,0
900.0,2014,19
900.0,1998,22
900.0,2006,21
10.0,2002,5
10.0,2005,0
600.0,2003,2
600.0,1997,22
600.0,2007,20
600.0,2003,2
1.0,2005,19
120.0,2010,22
60.0,2005,16
3600.0,2011,0
3600.0,2008,20
3600.0,2008,14
60.0,1997,19
120.0,2013,15
10.0,1996,23
7.0,2008,20
300.0,2013,19
300.0,2006,4
300.0,2006,4
2400.0,2014,13
3540.0,2003,6
3.0,1997,0
180.0,1998,6
1200.0,1989,11
1200.0,2000,17
1200.0,2005,21
120.0,2014,21
120.0,2010,22
7200.0,2005,20
60.0,2000,14
25.0,2011,19
1200.0,1963,19
600.0,2009,17
5.0,2000,19
60.0,1999,12
6300.0,2007,13
35.0,2006,8
1800.0,2003,2
120.0,1998,22
10.0,2012,9
10.0,2002,5
600.0,2013,19
600.0,2001,19
550.0,2009,8
300.0,2012,6
180.0,2011,20
20.0,2009,11
420.0,2007,15
5.0,2004,21
300.0,2004,14
300.0,2002,10
30.0,2008,8
3.0,1989,8
1200.0,2011,22
120.0,2013,20
120.0,2014,20
900.0,2011,21
900.0,1999,13
600.0,2007,12
15.0,2008,13
900.0,2005,10
18.0,2013,20
60.0,1971,0
900.0,2008,19
28800.0,2003,23
420.0,2008,21
420.0,2008,21
600.0,1995,21
600.0,2006,4
300.0,2014,19
300.0,2011,21
40.0,2008,19
45.0,2012,21
180.0,1988,21
20.0,2008,20
900.0,2003,22
900.0,1997,21
900.0,1972,20
10.0,1997,21
10.0,1964,20
600.0,2010,2
600.0,1963,7
600.0,1988,13
600.0,1998,22
60.0,1999,23
60.0,2005,21
3600.0,2008,6
5.0,1999,21
1200.0,2009,21
30.0,2007,18
1.0,2004,20
8.0,2014,14
60.0,1998,22
300.0,2004,14
300.0,1999,18
2700.0,2006,4
300.0,2011,15
300.0,2006,15
240.0,2006,22
240.0,2013,20
3.0,2009,21
180.0,2009,17
15.0,2001,1
900.0,2009,20
900.0,2000,19
20.0,2000,18
20.0,1986,23
10.0,1998,16
600.0,2008,18
3600.0,2007,22
60.0,2014,19
300.0,2013,20
5400.0,2010,19
300.0,2012,20
240.0,1989,17
5.0,2000,2
900.0,2000,19
900.0,2002,23
15.0,2011,17
120.0,2014,8
10.0,2011,20
180.0,2009,20
15.0,2010,7
60.0,2010,20
1200.0,2004,23
9000.0,2004,22
600.0,1999,8
1800.0,2001,21
300.0,1995,19
1800.0,1996,21
900.0,2009,20
1200.0,2004,23
1200.0,2004,23
240.0,2006,19
4.0,2011,22
300.0,2004,22
1200.0,2013,19
1200.0,1997,20
60.0,2002,0
3.0,2008,22
5400.0,2009,16
120.0,2006,23
4.0,2003,20
45.0,2009,11
30.0,2012,21
120.0,2008,0
120.0,2005,21
10.0,2001,21
5.0,2007,17
180.0,1975,0
15.0,2006,22
10.0,2013,19
420.0,1990,10
420.0,1990,10
1800.0,2002,14
600.0,2007,20
2400.0,1997,22
60.0,2002,21
600.0,2010,5
600.0,2002,19
5.0,2007,16
1560.0,2008,5
360.0,2004,2
40.0,2010,21
600.0,1999,5
600.0,2000,1
300.0,2013,21
300.0,2010,3
7200.0,2001,5
25200.0,1991,2
20.0,2007,22
600.0,2012,2
3600.0,2006,17
600.0,2010,19
1.5,1998,18
20.0,2008,22
600.0,2008,22
420.0,2009,21
300.0,2012,21
240.0,2013,20
30.0,2006,20
20.0,2010,20
1200.0,2008,22
120.0,2014,20
15.0,2010,23
600.0,2002,19
36000.0,2006,5
7200.0,2007,13
600.0,2012,6
3000.0,2003,9
300.0,2012,21
2700.0,2011,14
600.0,1982,23
60.0,1994,23
2400.0,2013,15
30.0,2012,21
240.0,2004,19
20.0,1997,22
60.0,2004,21
300.0,1993,21
180.0,1998,1
900.0,2008,18
60.0,2009,21
60.0,2005,22
2700.0,2000,19
120.0,2014,20
3.0,1998,20
3.0,1999,22
60.0,2005,19
600.0,2013,0
1800.0,1994,23
15.0,2008,16
60.0,2011,21
60.0,2003,7
600.0,1984,6
1800.0,2008,18
300.0,2007,17
180.0,2012,21
10.0,2006,18
600.0,2008,3
60.0,2004,19
30.0,2005,16
3.0,2005,19
50.0,2001,22
15.0,2012,1
120.0,1976,23
240.0,2002,21
5.0,1999,20
15.0,2012,8
1200.0,2010,20
900.0,2010,16
240.0,2002,19
5.0,2014,1
180.0,1979,18
300.0,1980,19
600.0,2012,21
180.0,2012,22
7.0,2002,23
180.0,2004,20
10800.0,2007,1
120.0,2013,20
600.0,2007,5
45.0,2002,20
30.0,2003,21
60.0,1957,21
1200.0,1977,13
5.0,2006,3
60.0,2011,12
5.0,2009,12
3.0,1999,1
3.0,2013,3
120.0,2003,23
7.0,2000,22
120.0,2002,13
300.0,2003,12
120.0,2002,19
120.0,2006,21
240.0,2005,21
1200.0,2007,21
30.0,2012,21
1800.0,2011,19
35.0,2009,21
20.0,2006,22
90.0,2001,12
1800.0,2008,22
1200.0,2005,0
300.0,2011,16
30.0,2013,23
5.0,2001,23
3600.0,1997,19
300.0,2014,21
100.0,2007,1
60.0,2009,3
120.0,2005,20
480.0,2012,19
30.0,2003,13
180.0,1997,18
20.0,1999,21
120.0,2006,22
1800.0,2005,20
1200.0,2005,20
60.0,2006,19
600.0,2009,0
420.0,2010,21
60.0,1997,10
420.0,2004,10
60.0,2006,23
20.0,2001,18
180.0,2012,20
900.0,2009,21
120.0,1988,18
1380.0,2010,10
30.0,1972,17
120.0,2003,12
720.0,2009,22
3600.0,2003,1
300.0,2008,20
5.0,2010,0
90.0,1988,18
180.0,2011,21
1200.0,1963,14
60.0,2002,22
60.0,2009,20
300.0,2012,0
180.0,2014,23
25.0,2013,22
3.0,2004,20
900.0,1999,10
120.0,2008,17
20.0,2001,21
180.0,2009,18
300.0,2012,19
5.0,2013,8
300.0,2012,0
300.0,2009,20
1800.0,2009,19
60.0,2007,19
900.0,1995,12
1340.0,2004,22
30.0,1999,15
300.0,1999,16
300.0,2009,23
120.0,2014,19
900.0,2012,23
480.0,2002,21
5.0,2010,22
300.0,2003,6
45.0,2011,23
20.0,2010,22
12.0,2009,22
10.0,2009,22
900.0,2013,21
600.0,1999,18
4.0,2003,21
1620.0,2005,2
3.0,1998,21
120.0,2003,22
90.0,2000,21
1200.0,2009,20
900.0,2001,19
10.0,1972,13
1800.0,1996,10
2700.0,2012,0
5.0,1999,0
120.0,2012,22
600.0,2011,23
420.0,2011,23
300.0,2002,19
5.0,1993,1
120.0,2005,0
180.0,2002,3
600.0,2005,22
1.0,2009,20
258.0,2004,1
240.0,2014,22
600.0,2013,19
120.0,2010,19
900.0,2014,22
900.0,2007,21
120.0,2008,19
90.0,2006,19
120.0,1995,21
45.0,2006,21
180.0,2010,1
56000.0,2013,19
300.0,2012,20
300.0,2007,0
240.0,2011,23
1500.0,2003,2
1200.0,2013,10
120.0,2013,3
3600.0,2012,4
2700.0,2010,5
300.0,2004,6
900.0,2000,11
688.0,2001,23
420.0,2003,5
5.0,2001,4
300.0,2003,3
30.0,2002,18
1200.0,2012,22
120.0,2002,22
120.0,2007,22
900.0,2004,20
10.0,2013,23
10.0,2009,0
600.0,2000,22
3600.0,2004,10
1200.0,2002,22
480.0,2008,0
300.0,2012,21
300.0,2012,21
1800.0,2013,22
1800.0,2000,5
180.0,2012,8
180.0,2012,21
120.0,2002,19
120.0,2000,22
900.0,2012,23
900.0,2010,20
600.0,2004,3
1800.0,2010,0
27.0,2004,1
3600.0,2001,22
360.0,2007,23
600.0,2005,22
30.0,2000,17
20.0,2002,15
240.0,2014,20
15.0,2011,22
7200.0,2012,0
2700.0,2010,21
40.0,2002,15
300.0,2013,20
1800.0,1998,19
8.0,1998,15
6.0,1979,14
30.0,2012,22
15.0,2011,4
600.0,2001,15
600.0,2012,21
180.0,2009,20
1200.0,1986,19
180.0,2011,17
300.0,2012,16
120.0,2013,21
2.0,2000,23
5.0,2002,21
2400.0,2012,2
5.0,2006,22
5.0,2008,20
1200.0,2014,17
240.0,1967,20
600.0,2009,10
300.0,2001,20
15.0,2001,21
3600.0,2001,22
300.0,2004,22
45.0,2010,0
20.0,2010,21
2.0,2011,21
120.0,2011,19
300.0,1988,23
1800.0,2008,23
240.0,2011,23
300.0,2011,21
240.0,2012,21
600.0,2012,20
8.0,2008,21
1800.0,2012,20
600.0,2006,17
600.0,2002,17
1.0,2009,18
5.0,2005,23
3600.0,2011,21
300.0,2011,23
120.0,2011,20
1140.0,2010,21
180.0,2011,20
1200.0,2003,21
1200.0,2002,15
60.0,2004,14
300.0,1998,22
1.0,2010,20
120.0,2002,21
900.0,2001,20
240.0,2007,9
1800.0,2001,20
900.0,2014,18
3.0,2000,0
45.0,2012,10
3600.0,2007,1
900.0,2004,22
60.0,2007,22
20.0,2005,16
771.0,2012,12
120.0,2008,21
3600.0,2007,19
10.0,2002,23
15.0,2011,21
25.0,2012,23
180.0,1977,23
2.0,1996,23
300.0,2014,0
20.0,2006,19
7200.0,2014,15
420.0,2004,1
600.0,1997,5
60.0,2012,21
3.0,2003,23
120.0,2004,17
15.0,2009,14
180.0,2009,21
180.0,2002,9
180.0,2013,19
2.0,2006,23
60.0,2011,9
30.0,1999,21
120.0,1999,21
120.0,2014,7
60.0,2012,21
45.0,2006,19
300.0,1966,23
1800.0,2013,0
10.0,2011,19
600.0,1998,15
60.0,2011,19
300.0,2009,11
30.0,2009,11
3.0,1977,21
900.0,1978,22
60.0,2013,21
180.0,2002,22
10.0,2011,18
60.0,2011,18
300.0,2004,19
30.0,2002,22
30.0,2002,22
3.5,2003,2
2700.0,2002,2
3000.0,1994,1
600.0,2008,19
420.0,2006,17
300.0,2009,23
3.0,2013,18
900.0,2008,14
600.0,2006,4
21600.0,2007,3
360.0,2010,21
180.0,1981,10
1500.0,2009,23
20.0,2004,17
600.0,2003,18
240.0,2012,23
60.0,2013,20
2400.0,2000,3
1800.0,2000,3
600.0,2013,21
45.0,2004,6
180.0,1988,13
3.0,2009,23
300.0,2005,23
420.0,2008,19
300.0,1998,17
120.0,2006,18
5.0,2010,22
240.0,2013,21
30.0,2003,1
600.0,2010,1
600.0,2011,22
240.0,2008,3
30.0,2013,7
30.0,1999,2
180.0,1966,0
2.0,2012,19
10.0,2001,2
600.0,1961,23
60.0,2005,16
5400.0,2001,21
30.0,2000,21
1200.0,2012,6
60.0,2011,22
120.0,2001,21
180.0,1989,20
600.0,1966,17
60.0,2005,4
90.0,2000,21
120.0,1998,23
7200.0,2011,1
7200.0,2005,0
2.0,2010,13
1200.0,2009,8
60.0,2003,23
2400.0,2007,21
300.0,2014,0
300.0,2012,21
300.0,2013,6
300.0,2012,20
300.0,2005,12
2700.0,2004,21
10800.0,2012,2
2.0,1997,22
120.0,2012,18
120.0,2013,18
10.0,2003,19
60.0,2010,19
600.0,2013,22
480.0,2008,20
30.0,1998,18
1800.0,2004,6
900.0,2004,18
720.0,2012,18
3600.0,2010,17
60.0,2009,17
120.0,2008,23
360.0,2006,17
240.0,2012,0
3.0,2005,1
180.0,2005,8
120.0,2006,12
60.0,2007,23
420.0,2014,20
20.0,2000,23
15.0,2013,23
60.0,2013,16
60.0,1998,1
540.0,2012,19
360.0,2004,12
5.0,1998,15
20.0,2002,21
600.0,2005,6
1680.0,2014,23
300.0,2013,23
300.0,1958,12
240.0,2012,21
180.0,2009,18
300.0,2012,21
600.0,2002,19
10.0,2014,23
3600.0,2005,22
30.0,2011,21
2100.0,1996,5
30.0,2010,3
1800.0,1989,21
300.0,1999,1
600.0,2000,22
240.0,2005,23
3600.0,2001,19
3600.0,2003,4
10.0,1969,0
300.0,2005,17
30.0,2005,23
10.0,2001,2
10.0,2008,0
180.0,2009,1
660.0,2008,20
600.0,2003,22
600.0,2003,22
180.0,2013,22
480.0,2010,0
4.0,2004,7
600.0,2003,23
30.0,2012,21
1800.0,2003,4
900.0,2010,19
5.0,2000,5
30.0,2002,19
10.0,2000,1
2400.0,1993,1
600.0,2003,19
1800.0,2003,22
120.0,1999,23
960.0,1999,23
1200.0,2004,1
900.0,2007,21
300.0,2002,22
480.0,2001,20
900.0,2001,10
600.0,2012,19
60.0,2012,0
5.0,2002,21
2.0,2003,20
1.0,1998,21
15.0,2000,20
10.0,1967,20
60.0,2012,21
2700.0,1994,12
1800.0,2006,21
300.0,1996,1
2700.0,2013,22
600.0,2006,22
300.0,2003,0
900.0,2005,19
300.0,2004,14
30.0,2000,17
120.0,2008,11
720.0,2007,23
4.0,2011,23
240.0,2004,13
60.0,1999,10
300.0,2010,20
5.0,2012,22
300.0,2000,20
2.0,2009,18
600.0,2013,0
300.0,2005,22
900.0,2012,23
1200.0,2009,22
10.0,2009,20
120.0,1994,22
7200.0,2014,23
10.0,2007,11
180.0,2009,17
5.0,2006,14
300.0,2012,19
20.0,2005,7
480.0,2003,18
1800.0,2008,0
1800.0,1979,21
60.0,2009,17
1500.0,2009,20
420.0,2010,19
300.0,2003,21
180.0,2004,15
180.0,2004,16
15.0,2013,1
60.0,2007,12
15.0,2009,3
5.0,1998,20
3.0,2012,23
900.0,2010,23
6.0,2005,21
15.0,2004,22
30.0,1966,14
60.0,2013,2
7200.0,2002,11
10.0,2008,12
1800.0,2012,10
900.0,2010,17
120.0,2008,18
900.0,2009,23
60.0,1997,18
45.0,2001,18
300.0,1978,18
7.0,2000,21
4.0,1994,2
253800.0,2001,22
90.0,1998,1
30.0,2000,17
5.0,2006,19
120.0,1966,19
30.0,2005,2
3600.0,2001,12
10800.0,2011,21
900.0,2011,2
300.0,2002,22
900.0,2012,5
900.0,2005,7
180.0,1969,21
1800.0,1968,17
20.0,2011,1
240.0,2012,21
90.0,2011,6
180.0,2007,6
120.0,2012,21
600.0,1993,18
150.0,2012,21
10.0,1946,19
600.0,1966,21
3600.0,2003,23
600.0,2010,0
18000.0,2010,0
3.0,2006,21
25.0,2000,0
240.0,2011,6
3600.0,2000,22
30.0,2007,20
1800.0,2001,20
1800.0,1988,21
3600.0,2011,22
300.0,2013,22
240.0,2013,1
300.0,2014,19
900.0,2007,19
780.0,2010,0
3600.0,2013,10
30.0,2014,21
600.0,2006,19
300.0,1980,20
600.0,1999,14
2.0,2013,18
60.0,2008,2
5.0,2014,16
300.0,2007,19
600.0,2013,11
240.0,2005,21
900.0,1995,22
25.0,2005,18
1200.0,1974,19
1200.0,1971,21
900.0,2007,16
30.0,2011,22
10.0,2007,17
600.0,2008,19
120.0,2006,22
2100.0,2013,21
60.0,2001,19
60.0,2001,2
2.0,2002,14
7.0,1977,22
2.0,2004,22
25.0,1977,2
60.0,2008,8
3600.0,2011,15
180.0,2013,16
120.0,2011,23
3600.0,2009,14
37800.0,2009,14
1200.0,1975,20
480.0,2008,21
480.0,2008,21
300.0,2007,21
60.0,2014,15
5.0,1998,1
300.0,2007,21
300.0,2011,8
30.0,1997,23
30.0,2011,19
180.0,2005,0
120.0,2005,1
900.0,2008,16
600.0,2005,1
35.0,2006,21
7200.0,2012,8
600.0,1999,19
2.0,2010,13
43200.0,2009,18
4.0,2006,21
30.0,2007,19
60.0,2010,22
300.0,1976,19
900.0,2009,20
60.0,2006,21
60.0,2002,13
300.0,2012,17
180.0,2011,20
600.0,2007,20
10.0,2006,12
480.0,2011,10
180.0,1995,22
600.0,1995,1
15.0,2003,21
300.0,2005,20
1800.0,2010,23
30.0,2001,1
1200.0,2013,21
1200.0,2006,18
600.0,2010,21
60.0,2002,0
300.0,2008,0
600.0,2010,18
600.0,2010,18
600.0,2007,11
300.0,2011,16
4.0,2007,17
4.0,2010,21
15.0,2000,20
10.0,2013,4
360.0,2003,0
300.0,2012,23
300.0,2003,22
240.0,2003,0
20.0,2012,20
120.0,2007,19
10.0,2003,0
600.0,2003,21
1.0,1998,18
1.0,2001,20
60.0,2003,21
240.0,2003,1
180.0,2006,15
420.0,2009,1
300.0,2003,0
30.0,2011,19
180.0,2008,20
900.0,2003,20
480.0,2003,20
360.0,2003,20
5.0,2007,1
300.0,2013,19
300.0,2001,20
300.0,2008,23
240.0,2003,10
14400.0,2008,19
30.0,2007,0
6.0,2012,1
180.0,2003,21
120.0,2008,0
120.0,2003,19
60.3,1994,21
3600.0,2001,5
900.0,2003,0
600.0,2003,20
300.0,2008,0
60.0,2009,5
3600.0,2012,5
3600.0,2012,21
5.0,2001,20
300.0,2013,22
1200.0,2002,2
900.0,2003,21
10.0,2009,15
540.0,2014,0
240.0,2008,15
20.0,2013,1
1200.0,1981,15
3.0,2006,21
600.0,2003,20
300.0,2003,1
300.0,2003,0
600.0,2004,19
600.0,2005,2
5.0,2003,21
300.0,2003,6
30.0,2005,5
3.0,2004,0
180.0,2007,23
15.0,2005,12
600.0,2003,21
1500.0,2006,13
7200.0,1970,11
120.0,2003,5
1.0,1999,22
1200.0,2004,13
600.0,2003,3
1800.0,1954,19
420.0,2002,23
2700.0,2005,19
1800.0,1993,15
900.0,2000,22
20.0,2000,1
300.0,2001,17
10800.0,2009,23
1200.0,2008,20
10.0,1962,7
360.0,2008,18
900.0,2013,17
300.0,1989,0
3.0,2006,4
2.0,2005,17
10.0,2005,17
300.0,2013,18
15.0,2008,9
300.0,2003,20
900.0,2003,22
180.0,2004,2
120.0,2008,12
20.0,2008,12
3600.0,2012,19
1200.0,1995,19
40.0,2006,15
180.0,2008,14
120.0,1991,15
600.0,2003,22
6000.0,2000,10
1800.0,2001,19
3600.0,2004,4
300.0,2012,22
1800.0,1997,6
2.0,2006,18
120.0,1997,11
60.0,2006,1
480.0,2005,16
30.0,2012,17
300.0,2012,21
1800.0,2003,18
3.0,2006,19
180.0,1996,22
10.0,2000,19
300.0,2008,22
180.0,1998,18
15.0,2002,22
60.0,2002,17
86400.0,2002,0
300.0,2003,17
4.0,2009,3
900.0,2005,16
240.0,2014,20
60.0,2010,3
5.0,2006,18
10800.0,2000,2
900.0,2013,22
300.0,2007,21
60.0,2006,19
180.0,1981,22
720.0,1959,10
240.0,2014,20
1200.0,2011,20
480.0,2009,22
300.0,2006,22
300.0,2012,21
15.0,2003,21
5.0,2003,17
30.0,2014,17
600.0,1998,1
360.0,2014,20
300.0,1972,21
300.0,2004,12
120.0,2010,23
12.0,1974,23
600.0,2006,21
600.0,2009,1
60.0,2006,0
900.0,2000,23
10.0,2003,23
120.0,2001,23
86400.0,2006,6
300.0,1966,20
600.0,2007,21
600.0,1968,15
5400.0,2011,10
15.0,2008,4
60.0,1980,19
120.0,2012,5
180.0,2004,4
60.0,2013,6
40.0,2009,23
300.0,2009,0
300.0,2000,18
7.0,2008,22
60.0,2011,19
600.0,2000,0
60.0,1997,21
420.0,2006,7
600.0,2006,14
1.0,2008,20
3600.0,2004,21
1800.0,2009,18
2700.0,2006,5
10.0,2014,21
20.0,2008,3
5.0,2013,20
7200.0,2003,23
10.0,2011,17
3.0,2007,19
5.0,2011,0
600.0,2012,21
900.0,2008,21
5.0,2000,20
60.0,2011,22
2.0,2002,23
4.0,2007,21
45.0,2002,19
7200.0,2010,21
600.0,2013,0
20.0,2009,21
60.0,2012,20
180.0,2011,18
300.0,2001,13
120.0,2000,22
180.0,2002,14
5.0,2011,19
600.0,1999,0
10.0,2003,21
20.0,2008,20
1800.0,2004,17
3600.0,2012,12
300.0,2014,19
5.0,2008,6
180.0,1987,22
3.0,2010,16
20.0,1975,16
3.0,2012,0
10.0,2004,10
10.0,2011,21
5.0,2011,22
300.0,2005,20
480.0,2009,19
5.0,2008,19
300.0,2010,0
2700.0,2005,23
300.0,2008,5
300.0,1997,22
120.0,2009,2
120.0,2009,6
720.0,2008,1
10.0,2009,10
600.0,2010,16
5.0,2010,17
180.0,2008,18
45.0,2013,20
180.0,2013,20
900.0,2004,14
3600.0,2002,18
120.0,2007,19
30.0,2003,14
2.0,1999,2
1200.0,2006,1
3.0,2007,22
600.0,1999,2
300.0,2010,6
60.0,2007,22
600.0,2011,18
7200.0,2007,5
90.0,2013,18
180.0,2013,23
35.0,2009,21
35.0,2009,21
2.0,2008,23
180.0,2005,16
600.0,2013,23
10.0,1989,21
240.0,2006,21
600.0,2011,20
600.0,2011,20
600.0,2011,21
1800.0,2000,22
600.0,1994,22
12.0,2002,14
30.0,2000,18
2.0,2006,3
30.0,1997,21
420.0,2008,19
30.0,2009,22
4.0,2014,0
60.0,2014,13
37800.0,2010,22
300.0,1978,17
300.0,2005,1
300.0,1998,0
7200.0,1998,22
2.0,1998,23
1.0,2008,23
180.0,1993,12
300.0,2008,19
600.0,2010,20
4.0,2008,20
120.0,2005,9
300.0,2011,19
300.0,2011,21
30.0,2005,19
120.0,2004,18
120.0,2005,20
720.0,2012,21
1200.0,2002,20
10.0,1987,0
300.0,1979,22
60.0,2004,14
30.0,1999,7
21600.0,2007,21
15.0,2007,22
7200.0,2003,23
600.0,2007,19
5400.0,2002,17
150.0,2004,6
5.0,2008,21
600.0,2006,23
1200.0,2009,1
600.0,2012,20
3600.0,2011,22
600.0,2013,20
1.5,2011,19
60.0,2007,7
300.0,2004,6
600.0,2013,22
600.0,2012,23
10.0,2010,19
120.0,1996,3
5.0,2009,23
2700.0,2010,19
3600.0,2013,19
1200.0,2013,19
7200.0,2010,2
30.0,2010,22
180.0,2012,21
60.0,2004,20
10.0,2002,2
300.0,2013,23
900.0,1988,22
480.0,2000,20
60.0,2012,13
3.5,1999,22
15.0,2007,18
180.0,2007,23
300.0,2004,5
360.0,2007,20
300.0,2008,1
15.0,2014,20
480.0,2001,5
180.0,1978,3
120.0,2014,21
10.0,2002,11
5.0,1995,23
45.0,1984,20
3.0,1999,18
900.0,2013,1
1200.0,2006,5
300.0,2006,5
45.0,1993,20
900.0,2006,5
1200.0,2014,20
1200.0,1964,21
60.0,2009,6
60.0,2008,20
120.0,2009,20
240.0,2009,20
180.0,2001,7
120.0,1974,21
300.0,1974,3
480.0,2012,23
600.0,2007,21
45.0,2013,22
15.0,2000,0
10.0,2007,23
120.0,1990,20
1000.0,2012,13
1740.0,2014,22
1080.0,2014,22
6.0,2003,20
7.0,1994,6
5.0,2003,20
5.0,2003,20
180.0,2005,1
20.0,1999,21
15.0,2007,6
90.0,2003,4
180.0,2009,3
120.0,2007,21
1200.0,2007,15
15.0,2014,19
600.0,2014,22
600.0,2005,22
120.0,1999,22
120.0,2008,14
30.0,1999,23
300.0,1999,7
30.0,2004,16
30.0,2001,15
420.0,1979,3
5.0,2003,20
5.0,2007,21
600.0,2005,23
6.0,1996,23
360.0,1998,18
5.0,2004,0
240.0,2010,22
20.0,1993,23
15.0,2011,21
60.0,2001,3
600.0,2007,12
300.0,2004,1
120.0,1967,8
20.0,1999,23
60.0,2001,21
2.0,2012,21
60.0,2003,19
180.0,2011,8
120.0,2010,22
900.0,1992,19
240.0,2008,7
1200.0,2007,4
60.0,2011,23
20.0,2010,1
30.0,2000,22
300.0,2013,9
600.0,2007,21
3600.0,2010,18
15.0,2011,20
900.0,2009,20
900.0,2004,17
10.0,2012,21
10.0,2014,17
259200.0,1991,3
8.0,2002,23
300.0,1995,19
1800.0,2009,18
120.0,2008,21
600.0,2003,14
1.0,2012,20
720.0,2002,13
480.0,2011,22
2400.0,2004,4
1800.0,2003,5
180.0,1999,20
60.0,2008,0
3600.0,2011,12
300.0,1981,17
180.0,2000,18
10.0,2006,20
10.0,2010,2
100.0,2008,21
900.0,2008,21
5.0,2014,23
5.0,2011,19
3.0,2012,21
600.0,2011,21
5.0,1973,22
300.0,2000,19
30.0,2009,15
60.0,1983,20
120.0,2012,20
900.0,2013,22
120.0,2013,22
6.0,2011,23
600.0,2008,1
660.0,2013,9
90.0,2005,0
420.0,2000,21
1800.0,2004,14
300.0,2013,20
120.0,2012,21
120.0,2014,23
30.0,2008,19
600.0,2013,14
60.0,2005,17
480.0,2006,20
5.0,2011,14
1845.0,2004,21
240.0,2003,1
900.0,2000,19
1800.0,2002,19
18000.0,2007,2
7200.0,2007,3
10.0,2005,22
60.0,2003,23
30.0,2010,22
3600.0,2004,20
300.0,2009,11
2700.0,1999,4
30.0,2005,13
900.0,2004,0
600.0,2006,21
8.0,1999,22
180.0,2010,17
240.0,2010,0
30.0,2000,1
900.0,2002,20
60.0,2001,23
120.0,2007,6
360.0,2013,20
30.0,2003,20
900.0,2013,20
120.0,2008,18
60.0,1983,0
240.0,1993,3
3600.0,2013,1
4.0,2001,21
45.0,2009,1
900.0,2002,21
45.0,2008,2
180.0,2012,23
180.0,2004,22
120.0,2007,22
15.0,2005,1
900.0,2008,9
10.0,2010,1
600.0,2009,22
1.0,2005,23
180.0,2011,22
600.0,2012,20
2.0,2010,21
600.0,2009,19
600.0,2012,20
60.0,2005,21
90.0,2009,0
7.0,2005,22
300.0,1994,0
300.0,2008,19
30.0,2013,22
900.0,2000,21
60.0,2005,21
60.0,1982,11
60.0,2000,5
3000.0,2008,9
10.0,2007,19
10.0,2013,19
10.0,2005,22
180.0,2014,22
60.0,2011,19
180.0,2010,6
120.0,2009,20
6.0,2005,4
3600.0,2013,5
10.0,2003,22
120.0,2004,0
300.0,2008,3
300.0,2010,22
240.0,2005,1
300.0,2005,21
120.0,1999,23
120.0,2005,1
900.0,2007,0
600.0,2004,22
12.0,1975,9
120.0,2011,13
300.0,2012,23
300.0,1999,21
300.0,1998,22
300.0,2012,11
2700.0,2005,1
180.0,2013,4
3600.0,2013,23
300.0,1981,2
240.0,2012,21
300.0,2001,14
120.0,2004,21
180.0,2010,13
5400.0,2010,20
2.0,1999,23
180.0,2010,2
300.0,2013,23
900.0,2004,13
3.0,2008,23
60.0,2012,23
90.0,2013,23
1800.0,2009,21
1200.0,1963,22
600.0,2003,20
15.0,2002,20
1020.0,2002,7
600.0,2009,9
30.0,2004,9
1500.0,2000,22
600.0,2003,22
60.0,2008,20
2100.0,2010,23
300.0,2011,22
300.0,2003,21
10.0,2003,1
1.0,2000,22
2.0,2005,23
180.0,2008,6
10.0,1996,22
420.0,2002,10
300.0,2005,14
45.0,2002,0
15.0,2001,21
600.0,1985,21
30.0,2009,4
300.0,2005,22
300.0,2005,21
120.0,2009,19
3600.0,1965,20
7200.0,2009,19
30.0,1999,9
420.0,2001,15
2400.0,2001,15
300.0,1966,16
4.0,2011,3
40.0,2009,20
180.0,2007,22
120.0,2014,0
720.0,2009,10
15.0,2007,19
60.0,2010,23
120.0,2003,19
2.0,2007,13
60.4,2003,19
109800.0,2008,10
5.0,2008,0
900.0,2002,20
900.0,2007,22
2700.0,2003,21
180.0,2006,22
300.0,2007,22
120.0,2002,23
20.0,2000,22
15.0,2008,18
600.0,2009,22
90.0,2013,1
60.0,2013,20
60.0,2005,19
300.0,2014,16
300.0,2009,0
120.0,2007,19
600.0,2012,13
2.0,2009,22
300.0,2010,19
300.0,2009,11
240.0,2010,19
120.0,2007,22
600.0,2011,19
300.0,2012,10
30.0,2010,23
180.0,2010,20
900.0,2005,6
300.0,2008,22
480.0,2007,20
900.0,2007,21
1200.0,2010,22
480.0,2007,20
900.0,2005,21
3.0,1982,22
10.0,2004,19
1200.0,2002,18
5.0,1999,22
6.0,1998,21
30.0,2013,22
420.0,1990,21
4.0,2000,22
10.0,2013,23
1.0,1998,23
120.0,1999,22
7200.0,2008,23
900.0,1980,16
300.0,2007,22
1800.0,2007,22
4.0,2000,23
600.0,1998,23
300.0,2003,16
800.0,2010,13
30.0,2001,9
1800.0,2003,21
20.0,2011,20
20.0,2001,21
3600.0,1999,2
900.0,2012,22
2.0,2008,0
420.0,2013,22
5.0,2000,18
30.0,2004,20
4860.0,2006,0
15.0,2004,18
21600.0,2007,13
120.0,1999,11
10.0,1999,19
120.0,2004,22
30.0,2004,22
120.0,1996,1
1.0,2014,19
180.0,2001,23
15.0,2007,15
900.0,2007,23
15.0,2005,22
420.0,2007,21
180.0,2005,0
120.0,2013,20
4.0,2001,23
6.0,1976,11
180.0,2012,9
300.0,1964,15
600.0,2005,1
10.0,2010,21
600.0,1955,21
480.0,2009,23
300.0,2014,20
120.0,2000,23
10.0,2000,18
600.0,2007,1
480.0,2010,2
300.0,2000,22
1800.0,2002,3
180.0,2000,18
1200.0,2000,21
1200.0,2013,22
90.0,2013,20
7200.0,2008,9
3600.0,2012,21
259200.0,2007,19
105.0,2008,0
300.0,2000,18
1800.0,1996,1
